please enter,कृपया
please enter,कृपया
please enter valid,कृपया मान्य
please enter,कृपया
please enter valid,कृपया मान्य
please enter valid pan,कृपया मान्य पैन
please enter,कृपया
please enter valid,कृपया मान्य
please enter valid pan,कृपया मान्य पैन
please enter valid pan no,कृपया मान्य पैन नंबर
please enter,कृपया
please enter valid,कृपया मान्य
please enter valid pan,कृपया मान्य पैन
please enter valid pan no,कृपया मान्य पैन नंबर
please enter valid pan no,कृपया मान्य पैन नंबर दर्ज
please enter,कृपया
please enter valid,कृपया मान्य
please enter valid pan,कृपया मान्य पैन
please enter valid pan no,कृपया मान्य पैन नंबर
please enter valid pan no,कृपया मान्य पैन नंबर दर्ज
please enter valid pan no,कृपया मान्य पैन नंबर दर्ज करें
please enter,कृपया
please enter valid,कृपया मान्य
please enter valid pan,कृपया मान्य पैन
please enter valid pan no,कृपया मान्य पैन नंबर
please enter valid pan no,कृपया मान्य पैन नंबर दर्ज
please enter valid pan no,कृपया मान्य पैन नंबर दर्ज करें
valid,मान्य
please enter,कृपया
please enter valid,कृपया मान्य
please enter valid pan,कृपया मान्य पैन
please enter valid pan no,कृपया मान्य पैन नंबर
please enter valid pan no,कृपया मान्य पैन नंबर दर्ज
please enter valid pan no,कृपया मान्य पैन नंबर दर्ज करें
valid,मान्य
valid pan,मान्य पैन
please enter,कृपया
please enter valid,कृपया मान्य
please enter valid pan,कृपया मान्य पैन
please enter valid pan no,कृपया मान्य पैन नंबर
please enter valid pan no,कृपया मान्य पैन नंबर दर्ज
please enter valid pan no,कृपया मान्य पैन नंबर दर्ज करें
valid,मान्य
valid pan,मान्य पैन
valid pan no,मान्य पैन नंबर
please enter,कृपया
please enter valid,कृपया मान्य
please enter valid pan,कृपया मान्य पैन
please enter valid pan no,कृपया मान्य पैन नंबर
please enter valid pan no,कृपया मान्य पैन नंबर दर्ज
please enter valid pan no,कृपया मान्य पैन नंबर दर्ज करें
valid,मान्य
valid pan,मान्य पैन
valid pan no,मान्य पैन नंबर
valid pan no,मान्य पैन नंबर दर्ज
please enter,कृपया
please enter valid,कृपया मान्य
please enter valid pan,कृपया मान्य पैन
please enter valid pan no,कृपया मान्य पैन नंबर
please enter valid pan no,कृपया मान्य पैन नंबर दर्ज
please enter valid pan no,कृपया मान्य पैन नंबर दर्ज करें
valid,मान्य
valid pan,मान्य पैन
valid pan no,मान्य पैन नंबर
valid pan no,मान्य पैन नंबर दर्ज
valid pan no,मान्य पैन नंबर दर्ज करें
please enter,कृपया
please enter valid,कृपया मान्य
please enter valid pan,कृपया मान्य पैन
please enter valid pan no,कृपया मान्य पैन नंबर
please enter valid pan no,कृपया मान्य पैन नंबर दर्ज
please enter valid pan no,कृपया मान्य पैन नंबर दर्ज करें
valid,मान्य
valid pan,मान्य पैन
valid pan no,मान्य पैन नंबर
valid pan no,मान्य पैन नंबर दर्ज
valid pan no,मान्य पैन नंबर दर्ज करें
pan,पैन
please enter,कृपया
please enter valid,कृपया मान्य
please enter valid pan,कृपया मान्य पैन
please enter valid pan no,कृपया मान्य पैन नंबर
please enter valid pan no,कृपया मान्य पैन नंबर दर्ज
please enter valid pan no,कृपया मान्य पैन नंबर दर्ज करें
valid,मान्य
valid pan,मान्य पैन
valid pan no,मान्य पैन नंबर
valid pan no,मान्य पैन नंबर दर्ज
valid pan no,मान्य पैन नंबर दर्ज करें
pan,पैन
pan no,पैन नंबर
please enter,कृपया
please enter valid,कृपया मान्य
please enter valid pan,कृपया मान्य पैन
please enter valid pan no,कृपया मान्य पैन नंबर
please enter valid pan no,कृपया मान्य पैन नंबर दर्ज
please enter valid pan no,कृपया मान्य पैन नंबर दर्ज करें
valid,मान्य
valid pan,मान्य पैन
valid pan no,मान्य पैन नंबर
valid pan no,मान्य पैन नंबर दर्ज
valid pan no,मान्य पैन नंबर दर्ज करें
pan,पैन
pan no,पैन नंबर
pan no,पैन नंबर दर्ज
please enter,कृपया
please enter valid,कृपया मान्य
please enter valid pan,कृपया मान्य पैन
please enter valid pan no,कृपया मान्य पैन नंबर
please enter valid pan no,कृपया मान्य पैन नंबर दर्ज
please enter valid pan no,कृपया मान्य पैन नंबर दर्ज करें
valid,मान्य
valid pan,मान्य पैन
valid pan no,मान्य पैन नंबर
valid pan no,मान्य पैन नंबर दर्ज
valid pan no,मान्य पैन नंबर दर्ज करें
pan,पैन
pan no,पैन नंबर
pan no,पैन नंबर दर्ज
pan no,पैन नंबर दर्ज करें
please enter,कृपया
please enter valid,कृपया मान्य
please enter valid pan,कृपया मान्य पैन
please enter valid pan no,कृपया मान्य पैन नंबर
please enter valid pan no,कृपया मान्य पैन नंबर दर्ज
please enter valid pan no,कृपया मान्य पैन नंबर दर्ज करें
valid,मान्य
valid pan,मान्य पैन
valid pan no,मान्य पैन नंबर
valid pan no,मान्य पैन नंबर दर्ज
valid pan no,मान्य पैन नंबर दर्ज करें
pan,पैन
pan no,पैन नंबर
pan no,पैन नंबर दर्ज
pan no,पैन नंबर दर्ज करें
no,नंबर
please enter,कृपया
please enter valid,कृपया मान्य
please enter valid pan,कृपया मान्य पैन
please enter valid pan no,कृपया मान्य पैन नंबर
please enter valid pan no,कृपया मान्य पैन नंबर दर्ज
please enter valid pan no,कृपया मान्य पैन नंबर दर्ज करें
valid,मान्य
valid pan,मान्य पैन
valid pan no,मान्य पैन नंबर
valid pan no,मान्य पैन नंबर दर्ज
valid pan no,मान्य पैन नंबर दर्ज करें
pan,पैन
pan no,पैन नंबर
pan no,पैन नंबर दर्ज
pan no,पैन नंबर दर्ज करें
no,नंबर
no,नंबर दर्ज
please enter,कृपया
please enter valid,कृपया मान्य
please enter valid pan,कृपया मान्य पैन
please enter valid pan no,कृपया मान्य पैन नंबर
please enter valid pan no,कृपया मान्य पैन नंबर दर्ज
please enter valid pan no,कृपया मान्य पैन नंबर दर्ज करें
valid,मान्य
valid pan,मान्य पैन
valid pan no,मान्य पैन नंबर
valid pan no,मान्य पैन नंबर दर्ज
valid pan no,मान्य पैन नंबर दर्ज करें
pan,पैन
pan no,पैन नंबर
pan no,पैन नंबर दर्ज
pan no,पैन नंबर दर्ज करें
no,नंबर
no,नंबर दर्ज
no,नंबर दर्ज करें
please enter,कृपया
please enter,कृपया
please enter valid,कृपया मान्य
please enter,कृपया
please enter valid,कृपया मान्य
please enter valid phone,कृपया मान्य फोन
please enter,कृपया
please enter valid,कृपया मान्य
please enter valid phone,कृपया मान्य फोन
please enter valid phone no,कृपया मान्य फोन नंबर
please enter,कृपया
please enter valid,कृपया मान्य
please enter valid phone,कृपया मान्य फोन
please enter valid phone no,कृपया मान्य फोन नंबर
please enter valid phone no,कृपया मान्य फोन नंबर दर्ज
please enter,कृपया
please enter valid,कृपया मान्य
please enter valid phone,कृपया मान्य फोन
please enter valid phone no,कृपया मान्य फोन नंबर
please enter valid phone no,कृपया मान्य फोन नंबर दर्ज
please enter valid phone no,कृपया मान्य फोन नंबर दर्ज करें
please enter,कृपया
please enter valid,कृपया मान्य
please enter valid phone,कृपया मान्य फोन
please enter valid phone no,कृपया मान्य फोन नंबर
please enter valid phone no,कृपया मान्य फोन नंबर दर्ज
please enter valid phone no,कृपया मान्य फोन नंबर दर्ज करें
valid,मान्य
please enter,कृपया
please enter valid,कृपया मान्य
please enter valid phone,कृपया मान्य फोन
please enter valid phone no,कृपया मान्य फोन नंबर
please enter valid phone no,कृपया मान्य फोन नंबर दर्ज
please enter valid phone no,कृपया मान्य फोन नंबर दर्ज करें
valid,मान्य
valid phone,मान्य फोन
please enter,कृपया
please enter valid,कृपया मान्य
please enter valid phone,कृपया मान्य फोन
please enter valid phone no,कृपया मान्य फोन नंबर
please enter valid phone no,कृपया मान्य फोन नंबर दर्ज
please enter valid phone no,कृपया मान्य फोन नंबर दर्ज करें
valid,मान्य
valid phone,मान्य फोन
valid phone no,मान्य फोन नंबर
please enter,कृपया
please enter valid,कृपया मान्य
please enter valid phone,कृपया मान्य फोन
please enter valid phone no,कृपया मान्य फोन नंबर
please enter valid phone no,कृपया मान्य फोन नंबर दर्ज
please enter valid phone no,कृपया मान्य फोन नंबर दर्ज करें
valid,मान्य
valid phone,मान्य फोन
valid phone no,मान्य फोन नंबर
valid phone no,मान्य फोन नंबर दर्ज
please enter,कृपया
please enter valid,कृपया मान्य
please enter valid phone,कृपया मान्य फोन
please enter valid phone no,कृपया मान्य फोन नंबर
please enter valid phone no,कृपया मान्य फोन नंबर दर्ज
please enter valid phone no,कृपया मान्य फोन नंबर दर्ज करें
valid,मान्य
valid phone,मान्य फोन
valid phone no,मान्य फोन नंबर
valid phone no,मान्य फोन नंबर दर्ज
valid phone no,मान्य फोन नंबर दर्ज करें
please enter,कृपया
please enter valid,कृपया मान्य
please enter valid phone,कृपया मान्य फोन
please enter valid phone no,कृपया मान्य फोन नंबर
please enter valid phone no,कृपया मान्य फोन नंबर दर्ज
please enter valid phone no,कृपया मान्य फोन नंबर दर्ज करें
valid,मान्य
valid phone,मान्य फोन
valid phone no,मान्य फोन नंबर
valid phone no,मान्य फोन नंबर दर्ज
valid phone no,मान्य फोन नंबर दर्ज करें
phone,फोन
please enter,कृपया
please enter valid,कृपया मान्य
please enter valid phone,कृपया मान्य फोन
please enter valid phone no,कृपया मान्य फोन नंबर
please enter valid phone no,कृपया मान्य फोन नंबर दर्ज
please enter valid phone no,कृपया मान्य फोन नंबर दर्ज करें
valid,मान्य
valid phone,मान्य फोन
valid phone no,मान्य फोन नंबर
valid phone no,मान्य फोन नंबर दर्ज
valid phone no,मान्य फोन नंबर दर्ज करें
phone,फोन
phone no,फोन नंबर
please enter,कृपया
please enter valid,कृपया मान्य
please enter valid phone,कृपया मान्य फोन
please enter valid phone no,कृपया मान्य फोन नंबर
please enter valid phone no,कृपया मान्य फोन नंबर दर्ज
please enter valid phone no,कृपया मान्य फोन नंबर दर्ज करें
valid,मान्य
valid phone,मान्य फोन
valid phone no,मान्य फोन नंबर
valid phone no,मान्य फोन नंबर दर्ज
valid phone no,मान्य फोन नंबर दर्ज करें
phone,फोन
phone no,फोन नंबर
phone no,फोन नंबर दर्ज
please enter,कृपया
please enter valid,कृपया मान्य
please enter valid phone,कृपया मान्य फोन
please enter valid phone no,कृपया मान्य फोन नंबर
please enter valid phone no,कृपया मान्य फोन नंबर दर्ज
please enter valid phone no,कृपया मान्य फोन नंबर दर्ज करें
valid,मान्य
valid phone,मान्य फोन
valid phone no,मान्य फोन नंबर
valid phone no,मान्य फोन नंबर दर्ज
valid phone no,मान्य फोन नंबर दर्ज करें
phone,फोन
phone no,फोन नंबर
phone no,फोन नंबर दर्ज
phone no,फोन नंबर दर्ज करें
please enter,कृपया
please enter valid,कृपया मान्य
please enter valid phone,कृपया मान्य फोन
please enter valid phone no,कृपया मान्य फोन नंबर
please enter valid phone no,कृपया मान्य फोन नंबर दर्ज
please enter valid phone no,कृपया मान्य फोन नंबर दर्ज करें
valid,मान्य
valid phone,मान्य फोन
valid phone no,मान्य फोन नंबर
valid phone no,मान्य फोन नंबर दर्ज
valid phone no,मान्य फोन नंबर दर्ज करें
phone,फोन
phone no,फोन नंबर
phone no,फोन नंबर दर्ज
phone no,फोन नंबर दर्ज करें
no,नंबर
please enter,कृपया
please enter valid,कृपया मान्य
please enter valid phone,कृपया मान्य फोन
please enter valid phone no,कृपया मान्य फोन नंबर
please enter valid phone no,कृपया मान्य फोन नंबर दर्ज
please enter valid phone no,कृपया मान्य फोन नंबर दर्ज करें
valid,मान्य
valid phone,मान्य फोन
valid phone no,मान्य फोन नंबर
valid phone no,मान्य फोन नंबर दर्ज
valid phone no,मान्य फोन नंबर दर्ज करें
phone,फोन
phone no,फोन नंबर
phone no,फोन नंबर दर्ज
phone no,फोन नंबर दर्ज करें
no,नंबर
no,नंबर दर्ज
please enter,कृपया
please enter valid,कृपया मान्य
please enter valid phone,कृपया मान्य फोन
please enter valid phone no,कृपया मान्य फोन नंबर
please enter valid phone no,कृपया मान्य फोन नंबर दर्ज
please enter valid phone no,कृपया मान्य फोन नंबर दर्ज करें
valid,मान्य
valid phone,मान्य फोन
valid phone no,मान्य फोन नंबर
valid phone no,मान्य फोन नंबर दर्ज
valid phone no,मान्य फोन नंबर दर्ज करें
phone,फोन
phone no,फोन नंबर
phone no,फोन नंबर दर्ज
phone no,फोन नंबर दर्ज करें
no,नंबर
no,नंबर दर्ज
no,नंबर दर्ज करें
please enter,कृपया
please enter,कृपया
please enter valid,कृपया मान्य
please enter,कृपया
please enter valid,कृपया मान्य
please enter valid,कृपया मान्य ब्याज
please enter,कृपया
please enter valid,कृपया मान्य
please enter valid,कृपया मान्य ब्याज
please enter valid rate of interest,कृपया मान्य ब्याज दर दर्ज करें
please enter,कृपया
please enter valid,कृपया मान्य
please enter valid,कृपया मान्य ब्याज
please enter valid rate of interest,कृपया मान्य ब्याज दर दर्ज करें
valid,मान्य
please enter,कृपया
please enter valid,कृपया मान्य
please enter valid,कृपया मान्य ब्याज
please enter valid rate of interest,कृपया मान्य ब्याज दर दर्ज करें
valid,मान्य
valid,मान्य ब्याज
please enter,कृपया
please enter valid,कृपया मान्य
please enter valid,कृपया मान्य ब्याज
please enter valid rate of interest,कृपया मान्य ब्याज दर दर्ज करें
valid,मान्य
valid,मान्य ब्याज
valid rate of interest,मान्य ब्याज दर दर्ज करें
please enter,कृपया
please enter valid,कृपया मान्य
please enter valid,कृपया मान्य ब्याज
please enter valid rate of interest,कृपया मान्य ब्याज दर दर्ज करें
valid,मान्य
valid,मान्य ब्याज
valid rate of interest,मान्य ब्याज दर दर्ज करें
rate,करें
please enter,कृपया
please enter valid,कृपया मान्य
please enter valid,कृपया मान्य ब्याज
please enter valid rate of interest,कृपया मान्य ब्याज दर दर्ज करें
valid,मान्य
valid,मान्य ब्याज
valid rate of interest,मान्य ब्याज दर दर्ज करें
rate,करें
rate,दर्ज करें
please enter,कृपया
please enter valid,कृपया मान्य
please enter valid,कृपया मान्य ब्याज
please enter valid rate of interest,कृपया मान्य ब्याज दर दर्ज करें
valid,मान्य
valid,मान्य ब्याज
valid rate of interest,मान्य ब्याज दर दर्ज करें
rate,करें
rate,दर्ज करें
rate of interest,दर दर्ज करें
please enter,कृपया
please enter valid,कृपया मान्य
please enter valid,कृपया मान्य ब्याज
please enter valid rate of interest,कृपया मान्य ब्याज दर दर्ज करें
valid,मान्य
valid,मान्य ब्याज
valid rate of interest,मान्य ब्याज दर दर्ज करें
rate,करें
rate,दर्ज करें
rate of interest,दर दर्ज करें
rate of interest,ब्याज दर दर्ज करें
please enter,कृपया
please enter valid,कृपया मान्य
please enter valid,कृपया मान्य ब्याज
please enter valid rate of interest,कृपया मान्य ब्याज दर दर्ज करें
valid,मान्य
valid,मान्य ब्याज
valid rate of interest,मान्य ब्याज दर दर्ज करें
rate,करें
rate,दर्ज करें
rate of interest,दर दर्ज करें
rate of interest,ब्याज दर दर्ज करें
of interest,दर
please enter,कृपया
please enter valid,कृपया मान्य
please enter valid,कृपया मान्य ब्याज
please enter valid rate of interest,कृपया मान्य ब्याज दर दर्ज करें
valid,मान्य
valid,मान्य ब्याज
valid rate of interest,मान्य ब्याज दर दर्ज करें
rate,करें
rate,दर्ज करें
rate of interest,दर दर्ज करें
rate of interest,ब्याज दर दर्ज करें
of interest,दर
of interest,दर दर्ज
please enter,कृपया
please enter valid,कृपया मान्य
please enter valid,कृपया मान्य ब्याज
please enter valid rate of interest,कृपया मान्य ब्याज दर दर्ज करें
valid,मान्य
valid,मान्य ब्याज
valid rate of interest,मान्य ब्याज दर दर्ज करें
rate,करें
rate,दर्ज करें
rate of interest,दर दर्ज करें
rate of interest,ब्याज दर दर्ज करें
of interest,दर
of interest,दर दर्ज
of interest,ब्याज दर
please enter,कृपया
please enter valid,कृपया मान्य
please enter valid,कृपया मान्य ब्याज
please enter valid rate of interest,कृपया मान्य ब्याज दर दर्ज करें
valid,मान्य
valid,मान्य ब्याज
valid rate of interest,मान्य ब्याज दर दर्ज करें
rate,करें
rate,दर्ज करें
rate of interest,दर दर्ज करें
rate of interest,ब्याज दर दर्ज करें
of interest,दर
of interest,दर दर्ज
of interest,ब्याज दर
of interest,ब्याज दर दर्ज
please enter,कृपया
please enter,कृपया
please enter valid,कृपया मान्य
please enter,कृपया
please enter valid,कृपया मान्य
please enter valid mobile,कृपया मान्य मोबाइल
please enter,कृपया
please enter valid,कृपया मान्य
please enter valid mobile,कृपया मान्य मोबाइल
please enter valid mobile no,कृपया मान्य मोबाइल नंबर
please enter,कृपया
please enter valid,कृपया मान्य
please enter valid mobile,कृपया मान्य मोबाइल
please enter valid mobile no,कृपया मान्य मोबाइल नंबर
please enter valid mobile no,कृपया मान्य मोबाइल नंबर दर्ज
please enter,कृपया
please enter valid,कृपया मान्य
please enter valid mobile,कृपया मान्य मोबाइल
please enter valid mobile no,कृपया मान्य मोबाइल नंबर
please enter valid mobile no,कृपया मान्य मोबाइल नंबर दर्ज
please enter valid mobile no,कृपया मान्य मोबाइल नंबर दर्ज करें
please enter,कृपया
please enter valid,कृपया मान्य
please enter valid mobile,कृपया मान्य मोबाइल
please enter valid mobile no,कृपया मान्य मोबाइल नंबर
please enter valid mobile no,कृपया मान्य मोबाइल नंबर दर्ज
please enter valid mobile no,कृपया मान्य मोबाइल नंबर दर्ज करें
valid,मान्य
please enter,कृपया
please enter valid,कृपया मान्य
please enter valid mobile,कृपया मान्य मोबाइल
please enter valid mobile no,कृपया मान्य मोबाइल नंबर
please enter valid mobile no,कृपया मान्य मोबाइल नंबर दर्ज
please enter valid mobile no,कृपया मान्य मोबाइल नंबर दर्ज करें
valid,मान्य
valid mobile,मान्य मोबाइल
please enter,कृपया
please enter valid,कृपया मान्य
please enter valid mobile,कृपया मान्य मोबाइल
please enter valid mobile no,कृपया मान्य मोबाइल नंबर
please enter valid mobile no,कृपया मान्य मोबाइल नंबर दर्ज
please enter valid mobile no,कृपया मान्य मोबाइल नंबर दर्ज करें
valid,मान्य
valid mobile,मान्य मोबाइल
valid mobile no,मान्य मोबाइल नंबर
please enter,कृपया
please enter valid,कृपया मान्य
please enter valid mobile,कृपया मान्य मोबाइल
please enter valid mobile no,कृपया मान्य मोबाइल नंबर
please enter valid mobile no,कृपया मान्य मोबाइल नंबर दर्ज
please enter valid mobile no,कृपया मान्य मोबाइल नंबर दर्ज करें
valid,मान्य
valid mobile,मान्य मोबाइल
valid mobile no,मान्य मोबाइल नंबर
valid mobile no,मान्य मोबाइल नंबर दर्ज
please enter,कृपया
please enter valid,कृपया मान्य
please enter valid mobile,कृपया मान्य मोबाइल
please enter valid mobile no,कृपया मान्य मोबाइल नंबर
please enter valid mobile no,कृपया मान्य मोबाइल नंबर दर्ज
please enter valid mobile no,कृपया मान्य मोबाइल नंबर दर्ज करें
valid,मान्य
valid mobile,मान्य मोबाइल
valid mobile no,मान्य मोबाइल नंबर
valid mobile no,मान्य मोबाइल नंबर दर्ज
valid mobile no,मान्य मोबाइल नंबर दर्ज करें
please enter,कृपया
please enter valid,कृपया मान्य
please enter valid mobile,कृपया मान्य मोबाइल
please enter valid mobile no,कृपया मान्य मोबाइल नंबर
please enter valid mobile no,कृपया मान्य मोबाइल नंबर दर्ज
please enter valid mobile no,कृपया मान्य मोबाइल नंबर दर्ज करें
valid,मान्य
valid mobile,मान्य मोबाइल
valid mobile no,मान्य मोबाइल नंबर
valid mobile no,मान्य मोबाइल नंबर दर्ज
valid mobile no,मान्य मोबाइल नंबर दर्ज करें
mobile,मोबाइल
please enter,कृपया
please enter valid,कृपया मान्य
please enter valid mobile,कृपया मान्य मोबाइल
please enter valid mobile no,कृपया मान्य मोबाइल नंबर
please enter valid mobile no,कृपया मान्य मोबाइल नंबर दर्ज
please enter valid mobile no,कृपया मान्य मोबाइल नंबर दर्ज करें
valid,मान्य
valid mobile,मान्य मोबाइल
valid mobile no,मान्य मोबाइल नंबर
valid mobile no,मान्य मोबाइल नंबर दर्ज
valid mobile no,मान्य मोबाइल नंबर दर्ज करें
mobile,मोबाइल
mobile no,मोबाइल नंबर
please enter,कृपया
please enter valid,कृपया मान्य
please enter valid mobile,कृपया मान्य मोबाइल
please enter valid mobile no,कृपया मान्य मोबाइल नंबर
please enter valid mobile no,कृपया मान्य मोबाइल नंबर दर्ज
please enter valid mobile no,कृपया मान्य मोबाइल नंबर दर्ज करें
valid,मान्य
valid mobile,मान्य मोबाइल
valid mobile no,मान्य मोबाइल नंबर
valid mobile no,मान्य मोबाइल नंबर दर्ज
valid mobile no,मान्य मोबाइल नंबर दर्ज करें
mobile,मोबाइल
mobile no,मोबाइल नंबर
mobile no,मोबाइल नंबर दर्ज
please enter,कृपया
please enter valid,कृपया मान्य
please enter valid mobile,कृपया मान्य मोबाइल
please enter valid mobile no,कृपया मान्य मोबाइल नंबर
please enter valid mobile no,कृपया मान्य मोबाइल नंबर दर्ज
please enter valid mobile no,कृपया मान्य मोबाइल नंबर दर्ज करें
valid,मान्य
valid mobile,मान्य मोबाइल
valid mobile no,मान्य मोबाइल नंबर
valid mobile no,मान्य मोबाइल नंबर दर्ज
valid mobile no,मान्य मोबाइल नंबर दर्ज करें
mobile,मोबाइल
mobile no,मोबाइल नंबर
mobile no,मोबाइल नंबर दर्ज
mobile no,मोबाइल नंबर दर्ज करें
please enter,कृपया
please enter valid,कृपया मान्य
please enter valid mobile,कृपया मान्य मोबाइल
please enter valid mobile no,कृपया मान्य मोबाइल नंबर
please enter valid mobile no,कृपया मान्य मोबाइल नंबर दर्ज
please enter valid mobile no,कृपया मान्य मोबाइल नंबर दर्ज करें
valid,मान्य
valid mobile,मान्य मोबाइल
valid mobile no,मान्य मोबाइल नंबर
valid mobile no,मान्य मोबाइल नंबर दर्ज
valid mobile no,मान्य मोबाइल नंबर दर्ज करें
mobile,मोबाइल
mobile no,मोबाइल नंबर
mobile no,मोबाइल नंबर दर्ज
mobile no,मोबाइल नंबर दर्ज करें
no,नंबर
please enter,कृपया
please enter valid,कृपया मान्य
please enter valid mobile,कृपया मान्य मोबाइल
please enter valid mobile no,कृपया मान्य मोबाइल नंबर
please enter valid mobile no,कृपया मान्य मोबाइल नंबर दर्ज
please enter valid mobile no,कृपया मान्य मोबाइल नंबर दर्ज करें
valid,मान्य
valid mobile,मान्य मोबाइल
valid mobile no,मान्य मोबाइल नंबर
valid mobile no,मान्य मोबाइल नंबर दर्ज
valid mobile no,मान्य मोबाइल नंबर दर्ज करें
mobile,मोबाइल
mobile no,मोबाइल नंबर
mobile no,मोबाइल नंबर दर्ज
mobile no,मोबाइल नंबर दर्ज करें
no,नंबर
no,नंबर दर्ज
please enter,कृपया
please enter valid,कृपया मान्य
please enter valid mobile,कृपया मान्य मोबाइल
please enter valid mobile no,कृपया मान्य मोबाइल नंबर
please enter valid mobile no,कृपया मान्य मोबाइल नंबर दर्ज
please enter valid mobile no,कृपया मान्य मोबाइल नंबर दर्ज करें
valid,मान्य
valid mobile,मान्य मोबाइल
valid mobile no,मान्य मोबाइल नंबर
valid mobile no,मान्य मोबाइल नंबर दर्ज
valid mobile no,मान्य मोबाइल नंबर दर्ज करें
mobile,मोबाइल
mobile no,मोबाइल नंबर
mobile no,मोबाइल नंबर दर्ज
mobile no,मोबाइल नंबर दर्ज करें
no,नंबर
no,नंबर दर्ज
no,नंबर दर्ज करें
please enter,कृपया
please enter,कृपया
please enter valid,कृपया मान्य
please enter,कृपया
please enter valid,कृपया मान्य
please enter valid lan,कृपया मान्य लैन
please enter,कृपया
please enter valid,कृपया मान्य
please enter valid lan,कृपया मान्य लैन
please enter valid lan no,कृपया मान्य लैन नंबर
please enter,कृपया
please enter valid,कृपया मान्य
please enter valid lan,कृपया मान्य लैन
please enter valid lan no,कृपया मान्य लैन नंबर
please enter valid lan no,कृपया मान्य लैन नंबर दर्ज
please enter,कृपया
please enter valid,कृपया मान्य
please enter valid lan,कृपया मान्य लैन
please enter valid lan no,कृपया मान्य लैन नंबर
please enter valid lan no,कृपया मान्य लैन नंबर दर्ज
please enter valid lan no,कृपया मान्य लैन नंबर दर्ज करें
please enter,कृपया
please enter valid,कृपया मान्य
please enter valid lan,कृपया मान्य लैन
please enter valid lan no,कृपया मान्य लैन नंबर
please enter valid lan no,कृपया मान्य लैन नंबर दर्ज
please enter valid lan no,कृपया मान्य लैन नंबर दर्ज करें
valid,मान्य
please enter,कृपया
please enter valid,कृपया मान्य
please enter valid lan,कृपया मान्य लैन
please enter valid lan no,कृपया मान्य लैन नंबर
please enter valid lan no,कृपया मान्य लैन नंबर दर्ज
please enter valid lan no,कृपया मान्य लैन नंबर दर्ज करें
valid,मान्य
valid lan,मान्य लैन
please enter,कृपया
please enter valid,कृपया मान्य
please enter valid lan,कृपया मान्य लैन
please enter valid lan no,कृपया मान्य लैन नंबर
please enter valid lan no,कृपया मान्य लैन नंबर दर्ज
please enter valid lan no,कृपया मान्य लैन नंबर दर्ज करें
valid,मान्य
valid lan,मान्य लैन
valid lan no,मान्य लैन नंबर
please enter,कृपया
please enter valid,कृपया मान्य
please enter valid lan,कृपया मान्य लैन
please enter valid lan no,कृपया मान्य लैन नंबर
please enter valid lan no,कृपया मान्य लैन नंबर दर्ज
please enter valid lan no,कृपया मान्य लैन नंबर दर्ज करें
valid,मान्य
valid lan,मान्य लैन
valid lan no,मान्य लैन नंबर
valid lan no,मान्य लैन नंबर दर्ज
please enter,कृपया
please enter valid,कृपया मान्य
please enter valid lan,कृपया मान्य लैन
please enter valid lan no,कृपया मान्य लैन नंबर
please enter valid lan no,कृपया मान्य लैन नंबर दर्ज
please enter valid lan no,कृपया मान्य लैन नंबर दर्ज करें
valid,मान्य
valid lan,मान्य लैन
valid lan no,मान्य लैन नंबर
valid lan no,मान्य लैन नंबर दर्ज
valid lan no,मान्य लैन नंबर दर्ज करें
please enter,कृपया
please enter valid,कृपया मान्य
please enter valid lan,कृपया मान्य लैन
please enter valid lan no,कृपया मान्य लैन नंबर
please enter valid lan no,कृपया मान्य लैन नंबर दर्ज
please enter valid lan no,कृपया मान्य लैन नंबर दर्ज करें
valid,मान्य
valid lan,मान्य लैन
valid lan no,मान्य लैन नंबर
valid lan no,मान्य लैन नंबर दर्ज
valid lan no,मान्य लैन नंबर दर्ज करें
lan,लैन
please enter,कृपया
please enter valid,कृपया मान्य
please enter valid lan,कृपया मान्य लैन
please enter valid lan no,कृपया मान्य लैन नंबर
please enter valid lan no,कृपया मान्य लैन नंबर दर्ज
please enter valid lan no,कृपया मान्य लैन नंबर दर्ज करें
valid,मान्य
valid lan,मान्य लैन
valid lan no,मान्य लैन नंबर
valid lan no,मान्य लैन नंबर दर्ज
valid lan no,मान्य लैन नंबर दर्ज करें
lan,लैन
lan no,लैन नंबर
please enter,कृपया
please enter valid,कृपया मान्य
please enter valid lan,कृपया मान्य लैन
please enter valid lan no,कृपया मान्य लैन नंबर
please enter valid lan no,कृपया मान्य लैन नंबर दर्ज
please enter valid lan no,कृपया मान्य लैन नंबर दर्ज करें
valid,मान्य
valid lan,मान्य लैन
valid lan no,मान्य लैन नंबर
valid lan no,मान्य लैन नंबर दर्ज
valid lan no,मान्य लैन नंबर दर्ज करें
lan,लैन
lan no,लैन नंबर
lan no,लैन नंबर दर्ज
please enter,कृपया
please enter valid,कृपया मान्य
please enter valid lan,कृपया मान्य लैन
please enter valid lan no,कृपया मान्य लैन नंबर
please enter valid lan no,कृपया मान्य लैन नंबर दर्ज
please enter valid lan no,कृपया मान्य लैन नंबर दर्ज करें
valid,मान्य
valid lan,मान्य लैन
valid lan no,मान्य लैन नंबर
valid lan no,मान्य लैन नंबर दर्ज
valid lan no,मान्य लैन नंबर दर्ज करें
lan,लैन
lan no,लैन नंबर
lan no,लैन नंबर दर्ज
lan no,लैन नंबर दर्ज करें
please enter,कृपया
please enter valid,कृपया मान्य
please enter valid lan,कृपया मान्य लैन
please enter valid lan no,कृपया मान्य लैन नंबर
please enter valid lan no,कृपया मान्य लैन नंबर दर्ज
please enter valid lan no,कृपया मान्य लैन नंबर दर्ज करें
valid,मान्य
valid lan,मान्य लैन
valid lan no,मान्य लैन नंबर
valid lan no,मान्य लैन नंबर दर्ज
valid lan no,मान्य लैन नंबर दर्ज करें
lan,लैन
lan no,लैन नंबर
lan no,लैन नंबर दर्ज
lan no,लैन नंबर दर्ज करें
no,नंबर
please enter,कृपया
please enter valid,कृपया मान्य
please enter valid lan,कृपया मान्य लैन
please enter valid lan no,कृपया मान्य लैन नंबर
please enter valid lan no,कृपया मान्य लैन नंबर दर्ज
please enter valid lan no,कृपया मान्य लैन नंबर दर्ज करें
valid,मान्य
valid lan,मान्य लैन
valid lan no,मान्य लैन नंबर
valid lan no,मान्य लैन नंबर दर्ज
valid lan no,मान्य लैन नंबर दर्ज करें
lan,लैन
lan no,लैन नंबर
lan no,लैन नंबर दर्ज
lan no,लैन नंबर दर्ज करें
no,नंबर
no,नंबर दर्ज
please enter,कृपया
please enter valid,कृपया मान्य
please enter valid lan,कृपया मान्य लैन
please enter valid lan no,कृपया मान्य लैन नंबर
please enter valid lan no,कृपया मान्य लैन नंबर दर्ज
please enter valid lan no,कृपया मान्य लैन नंबर दर्ज करें
valid,मान्य
valid lan,मान्य लैन
valid lan no,मान्य लैन नंबर
valid lan no,मान्य लैन नंबर दर्ज
valid lan no,मान्य लैन नंबर दर्ज करें
lan,लैन
lan no,लैन नंबर
lan no,लैन नंबर दर्ज
lan no,लैन नंबर दर्ज करें
no,नंबर
no,नंबर दर्ज
no,नंबर दर्ज करें
please enter,कृपया
please enter,कृपया
please enter valid,कृपया मान्य
please enter,कृपया
please enter valid,कृपया मान्य
please enter valid loan,कृपया मान्य लोन
please enter,कृपया
please enter valid,कृपया मान्य
please enter valid loan,कृपया मान्य लोन
please enter valid loan amount,कृपया मान्य लोन राशि
please enter,कृपया
please enter valid,कृपया मान्य
please enter valid loan,कृपया मान्य लोन
please enter valid loan amount,कृपया मान्य लोन राशि
please enter valid loan amount,कृपया मान्य लोन राशि दर्ज
please enter,कृपया
please enter valid,कृपया मान्य
please enter valid loan,कृपया मान्य लोन
please enter valid loan amount,कृपया मान्य लोन राशि
please enter valid loan amount,कृपया मान्य लोन राशि दर्ज
please enter valid loan amount,कृपया मान्य लोन राशि दर्ज करें
please enter,कृपया
please enter valid,कृपया मान्य
please enter valid loan,कृपया मान्य लोन
please enter valid loan amount,कृपया मान्य लोन राशि
please enter valid loan amount,कृपया मान्य लोन राशि दर्ज
please enter valid loan amount,कृपया मान्य लोन राशि दर्ज करें
valid,मान्य
please enter,कृपया
please enter valid,कृपया मान्य
please enter valid loan,कृपया मान्य लोन
please enter valid loan amount,कृपया मान्य लोन राशि
please enter valid loan amount,कृपया मान्य लोन राशि दर्ज
please enter valid loan amount,कृपया मान्य लोन राशि दर्ज करें
valid,मान्य
valid loan,मान्य लोन
please enter,कृपया
please enter valid,कृपया मान्य
please enter valid loan,कृपया मान्य लोन
please enter valid loan amount,कृपया मान्य लोन राशि
please enter valid loan amount,कृपया मान्य लोन राशि दर्ज
please enter valid loan amount,कृपया मान्य लोन राशि दर्ज करें
valid,मान्य
valid loan,मान्य लोन
valid loan amount,मान्य लोन राशि
please enter,कृपया
please enter valid,कृपया मान्य
please enter valid loan,कृपया मान्य लोन
please enter valid loan amount,कृपया मान्य लोन राशि
please enter valid loan amount,कृपया मान्य लोन राशि दर्ज
please enter valid loan amount,कृपया मान्य लोन राशि दर्ज करें
valid,मान्य
valid loan,मान्य लोन
valid loan amount,मान्य लोन राशि
valid loan amount,मान्य लोन राशि दर्ज
please enter,कृपया
please enter valid,कृपया मान्य
please enter valid loan,कृपया मान्य लोन
please enter valid loan amount,कृपया मान्य लोन राशि
please enter valid loan amount,कृपया मान्य लोन राशि दर्ज
please enter valid loan amount,कृपया मान्य लोन राशि दर्ज करें
valid,मान्य
valid loan,मान्य लोन
valid loan amount,मान्य लोन राशि
valid loan amount,मान्य लोन राशि दर्ज
valid loan amount,मान्य लोन राशि दर्ज करें
please enter,कृपया
please enter valid,कृपया मान्य
please enter valid loan,कृपया मान्य लोन
please enter valid loan amount,कृपया मान्य लोन राशि
please enter valid loan amount,कृपया मान्य लोन राशि दर्ज
please enter valid loan amount,कृपया मान्य लोन राशि दर्ज करें
valid,मान्य
valid loan,मान्य लोन
valid loan amount,मान्य लोन राशि
valid loan amount,मान्य लोन राशि दर्ज
valid loan amount,मान्य लोन राशि दर्ज करें
loan,लोन
please enter,कृपया
please enter valid,कृपया मान्य
please enter valid loan,कृपया मान्य लोन
please enter valid loan amount,कृपया मान्य लोन राशि
please enter valid loan amount,कृपया मान्य लोन राशि दर्ज
please enter valid loan amount,कृपया मान्य लोन राशि दर्ज करें
valid,मान्य
valid loan,मान्य लोन
valid loan amount,मान्य लोन राशि
valid loan amount,मान्य लोन राशि दर्ज
valid loan amount,मान्य लोन राशि दर्ज करें
loan,लोन
loan amount,लोन राशि
please enter,कृपया
please enter valid,कृपया मान्य
please enter valid loan,कृपया मान्य लोन
please enter valid loan amount,कृपया मान्य लोन राशि
please enter valid loan amount,कृपया मान्य लोन राशि दर्ज
please enter valid loan amount,कृपया मान्य लोन राशि दर्ज करें
valid,मान्य
valid loan,मान्य लोन
valid loan amount,मान्य लोन राशि
valid loan amount,मान्य लोन राशि दर्ज
valid loan amount,मान्य लोन राशि दर्ज करें
loan,लोन
loan amount,लोन राशि
loan amount,लोन राशि दर्ज
please enter,कृपया
please enter valid,कृपया मान्य
please enter valid loan,कृपया मान्य लोन
please enter valid loan amount,कृपया मान्य लोन राशि
please enter valid loan amount,कृपया मान्य लोन राशि दर्ज
please enter valid loan amount,कृपया मान्य लोन राशि दर्ज करें
valid,मान्य
valid loan,मान्य लोन
valid loan amount,मान्य लोन राशि
valid loan amount,मान्य लोन राशि दर्ज
valid loan amount,मान्य लोन राशि दर्ज करें
loan,लोन
loan amount,लोन राशि
loan amount,लोन राशि दर्ज
loan amount,लोन राशि दर्ज करें
please enter,कृपया
please enter valid,कृपया मान्य
please enter valid loan,कृपया मान्य लोन
please enter valid loan amount,कृपया मान्य लोन राशि
please enter valid loan amount,कृपया मान्य लोन राशि दर्ज
please enter valid loan amount,कृपया मान्य लोन राशि दर्ज करें
valid,मान्य
valid loan,मान्य लोन
valid loan amount,मान्य लोन राशि
valid loan amount,मान्य लोन राशि दर्ज
valid loan amount,मान्य लोन राशि दर्ज करें
loan,लोन
loan amount,लोन राशि
loan amount,लोन राशि दर्ज
loan amount,लोन राशि दर्ज करें
amount,राशि
please enter,कृपया
please enter valid,कृपया मान्य
please enter valid loan,कृपया मान्य लोन
please enter valid loan amount,कृपया मान्य लोन राशि
please enter valid loan amount,कृपया मान्य लोन राशि दर्ज
please enter valid loan amount,कृपया मान्य लोन राशि दर्ज करें
valid,मान्य
valid loan,मान्य लोन
valid loan amount,मान्य लोन राशि
valid loan amount,मान्य लोन राशि दर्ज
valid loan amount,मान्य लोन राशि दर्ज करें
loan,लोन
loan amount,लोन राशि
loan amount,लोन राशि दर्ज
loan amount,लोन राशि दर्ज करें
amount,राशि
amount,राशि दर्ज
please enter,कृपया
please enter valid,कृपया मान्य
please enter valid loan,कृपया मान्य लोन
please enter valid loan amount,कृपया मान्य लोन राशि
please enter valid loan amount,कृपया मान्य लोन राशि दर्ज
please enter valid loan amount,कृपया मान्य लोन राशि दर्ज करें
valid,मान्य
valid loan,मान्य लोन
valid loan amount,मान्य लोन राशि
valid loan amount,मान्य लोन राशि दर्ज
valid loan amount,मान्य लोन राशि दर्ज करें
loan,लोन
loan amount,लोन राशि
loan amount,लोन राशि दर्ज
loan amount,लोन राशि दर्ज करें
amount,राशि
amount,राशि दर्ज
amount,राशि दर्ज करें
please enter,कृपया
please enter,कृपया
please enter,कृपया लोन
please enter,कृपया
please enter,कृपया लोन
please enter loan account,कृपया लोन अकाउंट
please enter,कृपया
please enter,कृपया लोन
please enter loan account,कृपया लोन अकाउंट
please enter loan account no,कृपया लोन अकाउंट नंबर
please enter,कृपया
please enter,कृपया लोन
please enter loan account,कृपया लोन अकाउंट
please enter loan account no,कृपया लोन अकाउंट नंबर
please enter loan account no,कृपया लोन अकाउंट नंबर दर्ज
please enter,कृपया
please enter,कृपया लोन
please enter loan account,कृपया लोन अकाउंट
please enter loan account no,कृपया लोन अकाउंट नंबर
please enter loan account no,कृपया लोन अकाउंट नंबर दर्ज
please enter loan account no,कृपया लोन अकाउंट नंबर दर्ज करें
please enter,कृपया
please enter,कृपया लोन
please enter loan account,कृपया लोन अकाउंट
please enter loan account no,कृपया लोन अकाउंट नंबर
please enter loan account no,कृपया लोन अकाउंट नंबर दर्ज
please enter loan account no,कृपया लोन अकाउंट नंबर दर्ज करें
loan account,अकाउंट
please enter,कृपया
please enter,कृपया लोन
please enter loan account,कृपया लोन अकाउंट
please enter loan account no,कृपया लोन अकाउंट नंबर
please enter loan account no,कृपया लोन अकाउंट नंबर दर्ज
please enter loan account no,कृपया लोन अकाउंट नंबर दर्ज करें
loan account,अकाउंट
loan account,लोन अकाउंट
please enter,कृपया
please enter,कृपया लोन
please enter loan account,कृपया लोन अकाउंट
please enter loan account no,कृपया लोन अकाउंट नंबर
please enter loan account no,कृपया लोन अकाउंट नंबर दर्ज
please enter loan account no,कृपया लोन अकाउंट नंबर दर्ज करें
loan account,अकाउंट
loan account,लोन अकाउंट
loan account no,अकाउंट नंबर
please enter,कृपया
please enter,कृपया लोन
please enter loan account,कृपया लोन अकाउंट
please enter loan account no,कृपया लोन अकाउंट नंबर
please enter loan account no,कृपया लोन अकाउंट नंबर दर्ज
please enter loan account no,कृपया लोन अकाउंट नंबर दर्ज करें
loan account,अकाउंट
loan account,लोन अकाउंट
loan account no,अकाउंट नंबर
loan account no,लोन अकाउंट नंबर
please enter,कृपया
please enter,कृपया लोन
please enter loan account,कृपया लोन अकाउंट
please enter loan account no,कृपया लोन अकाउंट नंबर
please enter loan account no,कृपया लोन अकाउंट नंबर दर्ज
please enter loan account no,कृपया लोन अकाउंट नंबर दर्ज करें
loan account,अकाउंट
loan account,लोन अकाउंट
loan account no,अकाउंट नंबर
loan account no,लोन अकाउंट नंबर
loan account no,अकाउंट नंबर दर्ज
please enter,कृपया
please enter,कृपया लोन
please enter loan account,कृपया लोन अकाउंट
please enter loan account no,कृपया लोन अकाउंट नंबर
please enter loan account no,कृपया लोन अकाउंट नंबर दर्ज
please enter loan account no,कृपया लोन अकाउंट नंबर दर्ज करें
loan account,अकाउंट
loan account,लोन अकाउंट
loan account no,अकाउंट नंबर
loan account no,लोन अकाउंट नंबर
loan account no,अकाउंट नंबर दर्ज
loan account no,लोन अकाउंट नंबर दर्ज
please enter,कृपया
please enter,कृपया लोन
please enter loan account,कृपया लोन अकाउंट
please enter loan account no,कृपया लोन अकाउंट नंबर
please enter loan account no,कृपया लोन अकाउंट नंबर दर्ज
please enter loan account no,कृपया लोन अकाउंट नंबर दर्ज करें
loan account,अकाउंट
loan account,लोन अकाउंट
loan account no,अकाउंट नंबर
loan account no,लोन अकाउंट नंबर
loan account no,अकाउंट नंबर दर्ज
loan account no,लोन अकाउंट नंबर दर्ज
loan account no,अकाउंट नंबर दर्ज करें
please enter,कृपया
please enter,कृपया लोन
please enter loan account,कृपया लोन अकाउंट
please enter loan account no,कृपया लोन अकाउंट नंबर
please enter loan account no,कृपया लोन अकाउंट नंबर दर्ज
please enter loan account no,कृपया लोन अकाउंट नंबर दर्ज करें
loan account,अकाउंट
loan account,लोन अकाउंट
loan account no,अकाउंट नंबर
loan account no,लोन अकाउंट नंबर
loan account no,अकाउंट नंबर दर्ज
loan account no,लोन अकाउंट नंबर दर्ज
loan account no,अकाउंट नंबर दर्ज करें
loan account no,लोन अकाउंट नंबर दर्ज करें
please enter,कृपया
please enter,कृपया लोन
please enter loan account,कृपया लोन अकाउंट
please enter loan account no,कृपया लोन अकाउंट नंबर
please enter loan account no,कृपया लोन अकाउंट नंबर दर्ज
please enter loan account no,कृपया लोन अकाउंट नंबर दर्ज करें
loan account,अकाउंट
loan account,लोन अकाउंट
loan account no,अकाउंट नंबर
loan account no,लोन अकाउंट नंबर
loan account no,अकाउंट नंबर दर्ज
loan account no,लोन अकाउंट नंबर दर्ज
loan account no,अकाउंट नंबर दर्ज करें
loan account no,लोन अकाउंट नंबर दर्ज करें
no,नंबर
please enter,कृपया
please enter,कृपया लोन
please enter loan account,कृपया लोन अकाउंट
please enter loan account no,कृपया लोन अकाउंट नंबर
please enter loan account no,कृपया लोन अकाउंट नंबर दर्ज
please enter loan account no,कृपया लोन अकाउंट नंबर दर्ज करें
loan account,अकाउंट
loan account,लोन अकाउंट
loan account no,अकाउंट नंबर
loan account no,लोन अकाउंट नंबर
loan account no,अकाउंट नंबर दर्ज
loan account no,लोन अकाउंट नंबर दर्ज
loan account no,अकाउंट नंबर दर्ज करें
loan account no,लोन अकाउंट नंबर दर्ज करें
no,नंबर
no,नंबर दर्ज
please enter,कृपया
please enter,कृपया लोन
please enter loan account,कृपया लोन अकाउंट
please enter loan account no,कृपया लोन अकाउंट नंबर
please enter loan account no,कृपया लोन अकाउंट नंबर दर्ज
please enter loan account no,कृपया लोन अकाउंट नंबर दर्ज करें
loan account,अकाउंट
loan account,लोन अकाउंट
loan account no,अकाउंट नंबर
loan account no,लोन अकाउंट नंबर
loan account no,अकाउंट नंबर दर्ज
loan account no,लोन अकाउंट नंबर दर्ज
loan account no,अकाउंट नंबर दर्ज करें
loan account no,लोन अकाउंट नंबर दर्ज करें
no,नंबर
no,नंबर दर्ज
no,नंबर दर्ज करें
please enter,कृपया
please enter,कृपया
please enter valid,कृपया मान्य
please enter,कृपया
please enter valid,कृपया मान्य
please enter valid pan,कृपया मान्य पैन
please enter,कृपया
please enter valid,कृपया मान्य
please enter valid pan,कृपया मान्य पैन
please enter valid pan no,कृपया मान्य पैन नंबर
please enter,कृपया
please enter valid,कृपया मान्य
please enter valid pan,कृपया मान्य पैन
please enter valid pan no,कृपया मान्य पैन नंबर
please enter valid pan no,कृपया मान्य पैन नंबर दर्ज
please enter,कृपया
please enter valid,कृपया मान्य
please enter valid pan,कृपया मान्य पैन
please enter valid pan no,कृपया मान्य पैन नंबर
please enter valid pan no,कृपया मान्य पैन नंबर दर्ज
please enter valid pan no,कृपया मान्य पैन नंबर दर्ज करें
please enter,कृपया
please enter valid,कृपया मान्य
please enter valid pan,कृपया मान्य पैन
please enter valid pan no,कृपया मान्य पैन नंबर
please enter valid pan no,कृपया मान्य पैन नंबर दर्ज
please enter valid pan no,कृपया मान्य पैन नंबर दर्ज करें
valid,मान्य
please enter,कृपया
please enter valid,कृपया मान्य
please enter valid pan,कृपया मान्य पैन
please enter valid pan no,कृपया मान्य पैन नंबर
please enter valid pan no,कृपया मान्य पैन नंबर दर्ज
please enter valid pan no,कृपया मान्य पैन नंबर दर्ज करें
valid,मान्य
valid pan,मान्य पैन
please enter,कृपया
please enter valid,कृपया मान्य
please enter valid pan,कृपया मान्य पैन
please enter valid pan no,कृपया मान्य पैन नंबर
please enter valid pan no,कृपया मान्य पैन नंबर दर्ज
please enter valid pan no,कृपया मान्य पैन नंबर दर्ज करें
valid,मान्य
valid pan,मान्य पैन
valid pan no,मान्य पैन नंबर
please enter,कृपया
please enter valid,कृपया मान्य
please enter valid pan,कृपया मान्य पैन
please enter valid pan no,कृपया मान्य पैन नंबर
please enter valid pan no,कृपया मान्य पैन नंबर दर्ज
please enter valid pan no,कृपया मान्य पैन नंबर दर्ज करें
valid,मान्य
valid pan,मान्य पैन
valid pan no,मान्य पैन नंबर
valid pan no,मान्य पैन नंबर दर्ज
please enter,कृपया
please enter valid,कृपया मान्य
please enter valid pan,कृपया मान्य पैन
please enter valid pan no,कृपया मान्य पैन नंबर
please enter valid pan no,कृपया मान्य पैन नंबर दर्ज
please enter valid pan no,कृपया मान्य पैन नंबर दर्ज करें
valid,मान्य
valid pan,मान्य पैन
valid pan no,मान्य पैन नंबर
valid pan no,मान्य पैन नंबर दर्ज
valid pan no,मान्य पैन नंबर दर्ज करें
please enter,कृपया
please enter valid,कृपया मान्य
please enter valid pan,कृपया मान्य पैन
please enter valid pan no,कृपया मान्य पैन नंबर
please enter valid pan no,कृपया मान्य पैन नंबर दर्ज
please enter valid pan no,कृपया मान्य पैन नंबर दर्ज करें
valid,मान्य
valid pan,मान्य पैन
valid pan no,मान्य पैन नंबर
valid pan no,मान्य पैन नंबर दर्ज
valid pan no,मान्य पैन नंबर दर्ज करें
pan,पैन
please enter,कृपया
please enter valid,कृपया मान्य
please enter valid pan,कृपया मान्य पैन
please enter valid pan no,कृपया मान्य पैन नंबर
please enter valid pan no,कृपया मान्य पैन नंबर दर्ज
please enter valid pan no,कृपया मान्य पैन नंबर दर्ज करें
valid,मान्य
valid pan,मान्य पैन
valid pan no,मान्य पैन नंबर
valid pan no,मान्य पैन नंबर दर्ज
valid pan no,मान्य पैन नंबर दर्ज करें
pan,पैन
pan no,पैन नंबर
please enter,कृपया
please enter valid,कृपया मान्य
please enter valid pan,कृपया मान्य पैन
please enter valid pan no,कृपया मान्य पैन नंबर
please enter valid pan no,कृपया मान्य पैन नंबर दर्ज
please enter valid pan no,कृपया मान्य पैन नंबर दर्ज करें
valid,मान्य
valid pan,मान्य पैन
valid pan no,मान्य पैन नंबर
valid pan no,मान्य पैन नंबर दर्ज
valid pan no,मान्य पैन नंबर दर्ज करें
pan,पैन
pan no,पैन नंबर
pan no,पैन नंबर दर्ज
please enter,कृपया
please enter valid,कृपया मान्य
please enter valid pan,कृपया मान्य पैन
please enter valid pan no,कृपया मान्य पैन नंबर
please enter valid pan no,कृपया मान्य पैन नंबर दर्ज
please enter valid pan no,कृपया मान्य पैन नंबर दर्ज करें
valid,मान्य
valid pan,मान्य पैन
valid pan no,मान्य पैन नंबर
valid pan no,मान्य पैन नंबर दर्ज
valid pan no,मान्य पैन नंबर दर्ज करें
pan,पैन
pan no,पैन नंबर
pan no,पैन नंबर दर्ज
pan no,पैन नंबर दर्ज करें
please enter,कृपया
please enter valid,कृपया मान्य
please enter valid pan,कृपया मान्य पैन
please enter valid pan no,कृपया मान्य पैन नंबर
please enter valid pan no,कृपया मान्य पैन नंबर दर्ज
please enter valid pan no,कृपया मान्य पैन नंबर दर्ज करें
valid,मान्य
valid pan,मान्य पैन
valid pan no,मान्य पैन नंबर
valid pan no,मान्य पैन नंबर दर्ज
valid pan no,मान्य पैन नंबर दर्ज करें
pan,पैन
pan no,पैन नंबर
pan no,पैन नंबर दर्ज
pan no,पैन नंबर दर्ज करें
no,नंबर
please enter,कृपया
please enter valid,कृपया मान्य
please enter valid pan,कृपया मान्य पैन
please enter valid pan no,कृपया मान्य पैन नंबर
please enter valid pan no,कृपया मान्य पैन नंबर दर्ज
please enter valid pan no,कृपया मान्य पैन नंबर दर्ज करें
valid,मान्य
valid pan,मान्य पैन
valid pan no,मान्य पैन नंबर
valid pan no,मान्य पैन नंबर दर्ज
valid pan no,मान्य पैन नंबर दर्ज करें
pan,पैन
pan no,पैन नंबर
pan no,पैन नंबर दर्ज
pan no,पैन नंबर दर्ज करें
no,नंबर
no,नंबर दर्ज
please enter,कृपया
please enter valid,कृपया मान्य
please enter valid pan,कृपया मान्य पैन
please enter valid pan no,कृपया मान्य पैन नंबर
please enter valid pan no,कृपया मान्य पैन नंबर दर्ज
please enter valid pan no,कृपया मान्य पैन नंबर दर्ज करें
valid,मान्य
valid pan,मान्य पैन
valid pan no,मान्य पैन नंबर
valid pan no,मान्य पैन नंबर दर्ज
valid pan no,मान्य पैन नंबर दर्ज करें
pan,पैन
pan no,पैन नंबर
pan no,पैन नंबर दर्ज
pan no,पैन नंबर दर्ज करें
no,नंबर
no,नंबर दर्ज
no,नंबर दर्ज करें
please enter,कृपया
please enter,कृपया
please enter valid,कृपया मान्य
please enter,कृपया
please enter valid,कृपया मान्य
please enter valid phone,कृपया मान्य फोन
please enter,कृपया
please enter valid,कृपया मान्य
please enter valid phone,कृपया मान्य फोन
please enter valid phone no,कृपया मान्य फोन नंबर
please enter,कृपया
please enter valid,कृपया मान्य
please enter valid phone,कृपया मान्य फोन
please enter valid phone no,कृपया मान्य फोन नंबर
please enter valid phone no,कृपया मान्य फोन नंबर दर्ज
please enter,कृपया
please enter valid,कृपया मान्य
please enter valid phone,कृपया मान्य फोन
please enter valid phone no,कृपया मान्य फोन नंबर
please enter valid phone no,कृपया मान्य फोन नंबर दर्ज
please enter valid phone no,कृपया मान्य फोन नंबर दर्ज करें
please enter,कृपया
please enter valid,कृपया मान्य
please enter valid phone,कृपया मान्य फोन
please enter valid phone no,कृपया मान्य फोन नंबर
please enter valid phone no,कृपया मान्य फोन नंबर दर्ज
please enter valid phone no,कृपया मान्य फोन नंबर दर्ज करें
valid,मान्य
please enter,कृपया
please enter valid,कृपया मान्य
please enter valid phone,कृपया मान्य फोन
please enter valid phone no,कृपया मान्य फोन नंबर
please enter valid phone no,कृपया मान्य फोन नंबर दर्ज
please enter valid phone no,कृपया मान्य फोन नंबर दर्ज करें
valid,मान्य
valid phone,मान्य फोन
please enter,कृपया
please enter valid,कृपया मान्य
please enter valid phone,कृपया मान्य फोन
please enter valid phone no,कृपया मान्य फोन नंबर
please enter valid phone no,कृपया मान्य फोन नंबर दर्ज
please enter valid phone no,कृपया मान्य फोन नंबर दर्ज करें
valid,मान्य
valid phone,मान्य फोन
valid phone no,मान्य फोन नंबर
please enter,कृपया
please enter valid,कृपया मान्य
please enter valid phone,कृपया मान्य फोन
please enter valid phone no,कृपया मान्य फोन नंबर
please enter valid phone no,कृपया मान्य फोन नंबर दर्ज
please enter valid phone no,कृपया मान्य फोन नंबर दर्ज करें
valid,मान्य
valid phone,मान्य फोन
valid phone no,मान्य फोन नंबर
valid phone no,मान्य फोन नंबर दर्ज
please enter,कृपया
please enter valid,कृपया मान्य
please enter valid phone,कृपया मान्य फोन
please enter valid phone no,कृपया मान्य फोन नंबर
please enter valid phone no,कृपया मान्य फोन नंबर दर्ज
please enter valid phone no,कृपया मान्य फोन नंबर दर्ज करें
valid,मान्य
valid phone,मान्य फोन
valid phone no,मान्य फोन नंबर
valid phone no,मान्य फोन नंबर दर्ज
valid phone no,मान्य फोन नंबर दर्ज करें
please enter,कृपया
please enter valid,कृपया मान्य
please enter valid phone,कृपया मान्य फोन
please enter valid phone no,कृपया मान्य फोन नंबर
please enter valid phone no,कृपया मान्य फोन नंबर दर्ज
please enter valid phone no,कृपया मान्य फोन नंबर दर्ज करें
valid,मान्य
valid phone,मान्य फोन
valid phone no,मान्य फोन नंबर
valid phone no,मान्य फोन नंबर दर्ज
valid phone no,मान्य फोन नंबर दर्ज करें
phone,फोन
please enter,कृपया
please enter valid,कृपया मान्य
please enter valid phone,कृपया मान्य फोन
please enter valid phone no,कृपया मान्य फोन नंबर
please enter valid phone no,कृपया मान्य फोन नंबर दर्ज
please enter valid phone no,कृपया मान्य फोन नंबर दर्ज करें
valid,मान्य
valid phone,मान्य फोन
valid phone no,मान्य फोन नंबर
valid phone no,मान्य फोन नंबर दर्ज
valid phone no,मान्य फोन नंबर दर्ज करें
phone,फोन
phone no,फोन नंबर
please enter,कृपया
please enter valid,कृपया मान्य
please enter valid phone,कृपया मान्य फोन
please enter valid phone no,कृपया मान्य फोन नंबर
please enter valid phone no,कृपया मान्य फोन नंबर दर्ज
please enter valid phone no,कृपया मान्य फोन नंबर दर्ज करें
valid,मान्य
valid phone,मान्य फोन
valid phone no,मान्य फोन नंबर
valid phone no,मान्य फोन नंबर दर्ज
valid phone no,मान्य फोन नंबर दर्ज करें
phone,फोन
phone no,फोन नंबर
phone no,फोन नंबर दर्ज
please enter,कृपया
please enter valid,कृपया मान्य
please enter valid phone,कृपया मान्य फोन
please enter valid phone no,कृपया मान्य फोन नंबर
please enter valid phone no,कृपया मान्य फोन नंबर दर्ज
please enter valid phone no,कृपया मान्य फोन नंबर दर्ज करें
valid,मान्य
valid phone,मान्य फोन
valid phone no,मान्य फोन नंबर
valid phone no,मान्य फोन नंबर दर्ज
valid phone no,मान्य फोन नंबर दर्ज करें
phone,फोन
phone no,फोन नंबर
phone no,फोन नंबर दर्ज
phone no,फोन नंबर दर्ज करें
please enter,कृपया
please enter valid,कृपया मान्य
please enter valid phone,कृपया मान्य फोन
please enter valid phone no,कृपया मान्य फोन नंबर
please enter valid phone no,कृपया मान्य फोन नंबर दर्ज
please enter valid phone no,कृपया मान्य फोन नंबर दर्ज करें
valid,मान्य
valid phone,मान्य फोन
valid phone no,मान्य फोन नंबर
valid phone no,मान्य फोन नंबर दर्ज
valid phone no,मान्य फोन नंबर दर्ज करें
phone,फोन
phone no,फोन नंबर
phone no,फोन नंबर दर्ज
phone no,फोन नंबर दर्ज करें
no,नंबर
please enter,कृपया
please enter valid,कृपया मान्य
please enter valid phone,कृपया मान्य फोन
please enter valid phone no,कृपया मान्य फोन नंबर
please enter valid phone no,कृपया मान्य फोन नंबर दर्ज
please enter valid phone no,कृपया मान्य फोन नंबर दर्ज करें
valid,मान्य
valid phone,मान्य फोन
valid phone no,मान्य फोन नंबर
valid phone no,मान्य फोन नंबर दर्ज
valid phone no,मान्य फोन नंबर दर्ज करें
phone,फोन
phone no,फोन नंबर
phone no,फोन नंबर दर्ज
phone no,फोन नंबर दर्ज करें
no,नंबर
no,नंबर दर्ज
please enter,कृपया
please enter valid,कृपया मान्य
please enter valid phone,कृपया मान्य फोन
please enter valid phone no,कृपया मान्य फोन नंबर
please enter valid phone no,कृपया मान्य फोन नंबर दर्ज
please enter valid phone no,कृपया मान्य फोन नंबर दर्ज करें
valid,मान्य
valid phone,मान्य फोन
valid phone no,मान्य फोन नंबर
valid phone no,मान्य फोन नंबर दर्ज
valid phone no,मान्य फोन नंबर दर्ज करें
phone,फोन
phone no,फोन नंबर
phone no,फोन नंबर दर्ज
phone no,फोन नंबर दर्ज करें
no,नंबर
no,नंबर दर्ज
no,नंबर दर्ज करें
please enter,कृपया
please enter,कृपया
please enter valid,कृपया मान्य
please enter,कृपया
please enter valid,कृपया मान्य
please enter valid,कृपया मान्य ब्याज
please enter,कृपया
please enter valid,कृपया मान्य
please enter valid,कृपया मान्य ब्याज
please enter valid rate of interest,कृपया मान्य ब्याज दर दर्ज
please enter,कृपया
please enter valid,कृपया मान्य
please enter valid,कृपया मान्य ब्याज
please enter valid rate of interest,कृपया मान्य ब्याज दर दर्ज
please enter valid rate of interest,कृपया मान्य ब्याज दर दर्ज करें
please enter,कृपया
please enter valid,कृपया मान्य
please enter valid,कृपया मान्य ब्याज
please enter valid rate of interest,कृपया मान्य ब्याज दर दर्ज
please enter valid rate of interest,कृपया मान्य ब्याज दर दर्ज करें
valid,मान्य
please enter,कृपया
please enter valid,कृपया मान्य
please enter valid,कृपया मान्य ब्याज
please enter valid rate of interest,कृपया मान्य ब्याज दर दर्ज
please enter valid rate of interest,कृपया मान्य ब्याज दर दर्ज करें
valid,मान्य
valid,मान्य ब्याज
please enter,कृपया
please enter valid,कृपया मान्य
please enter valid,कृपया मान्य ब्याज
please enter valid rate of interest,कृपया मान्य ब्याज दर दर्ज
please enter valid rate of interest,कृपया मान्य ब्याज दर दर्ज करें
valid,मान्य
valid,मान्य ब्याज
valid rate of interest,मान्य ब्याज दर दर्ज
please enter,कृपया
please enter valid,कृपया मान्य
please enter valid,कृपया मान्य ब्याज
please enter valid rate of interest,कृपया मान्य ब्याज दर दर्ज
please enter valid rate of interest,कृपया मान्य ब्याज दर दर्ज करें
valid,मान्य
valid,मान्य ब्याज
valid rate of interest,मान्य ब्याज दर दर्ज
valid rate of interest,मान्य ब्याज दर दर्ज करें
please enter,कृपया
please enter valid,कृपया मान्य
please enter valid,कृपया मान्य ब्याज
please enter valid rate of interest,कृपया मान्य ब्याज दर दर्ज
please enter valid rate of interest,कृपया मान्य ब्याज दर दर्ज करें
valid,मान्य
valid,मान्य ब्याज
valid rate of interest,मान्य ब्याज दर दर्ज
valid rate of interest,मान्य ब्याज दर दर्ज करें
rate,दर्ज
please enter,कृपया
please enter valid,कृपया मान्य
please enter valid,कृपया मान्य ब्याज
please enter valid rate of interest,कृपया मान्य ब्याज दर दर्ज
please enter valid rate of interest,कृपया मान्य ब्याज दर दर्ज करें
valid,मान्य
valid,मान्य ब्याज
valid rate of interest,मान्य ब्याज दर दर्ज
valid rate of interest,मान्य ब्याज दर दर्ज करें
rate,दर्ज
rate,दर्ज करें
please enter,कृपया
please enter valid,कृपया मान्य
please enter valid,कृपया मान्य ब्याज
please enter valid rate of interest,कृपया मान्य ब्याज दर दर्ज
please enter valid rate of interest,कृपया मान्य ब्याज दर दर्ज करें
valid,मान्य
valid,मान्य ब्याज
valid rate of interest,मान्य ब्याज दर दर्ज
valid rate of interest,मान्य ब्याज दर दर्ज करें
rate,दर्ज
rate,दर्ज करें
rate of interest,दर दर्ज
please enter,कृपया
please enter valid,कृपया मान्य
please enter valid,कृपया मान्य ब्याज
please enter valid rate of interest,कृपया मान्य ब्याज दर दर्ज
please enter valid rate of interest,कृपया मान्य ब्याज दर दर्ज करें
valid,मान्य
valid,मान्य ब्याज
valid rate of interest,मान्य ब्याज दर दर्ज
valid rate of interest,मान्य ब्याज दर दर्ज करें
rate,दर्ज
rate,दर्ज करें
rate of interest,दर दर्ज
rate of interest,दर दर्ज करें
please enter,कृपया
please enter valid,कृपया मान्य
please enter valid,कृपया मान्य ब्याज
please enter valid rate of interest,कृपया मान्य ब्याज दर दर्ज
please enter valid rate of interest,कृपया मान्य ब्याज दर दर्ज करें
valid,मान्य
valid,मान्य ब्याज
valid rate of interest,मान्य ब्याज दर दर्ज
valid rate of interest,मान्य ब्याज दर दर्ज करें
rate,दर्ज
rate,दर्ज करें
rate of interest,दर दर्ज
rate of interest,दर दर्ज करें
rate of interest,ब्याज दर दर्ज
please enter,कृपया
please enter valid,कृपया मान्य
please enter valid,कृपया मान्य ब्याज
please enter valid rate of interest,कृपया मान्य ब्याज दर दर्ज
please enter valid rate of interest,कृपया मान्य ब्याज दर दर्ज करें
valid,मान्य
valid,मान्य ब्याज
valid rate of interest,मान्य ब्याज दर दर्ज
valid rate of interest,मान्य ब्याज दर दर्ज करें
rate,दर्ज
rate,दर्ज करें
rate of interest,दर दर्ज
rate of interest,दर दर्ज करें
rate of interest,ब्याज दर दर्ज
rate of interest,ब्याज दर दर्ज करें
please enter,कृपया
please enter valid,कृपया मान्य
please enter valid,कृपया मान्य ब्याज
please enter valid rate of interest,कृपया मान्य ब्याज दर दर्ज
please enter valid rate of interest,कृपया मान्य ब्याज दर दर्ज करें
valid,मान्य
valid,मान्य ब्याज
valid rate of interest,मान्य ब्याज दर दर्ज
valid rate of interest,मान्य ब्याज दर दर्ज करें
rate,दर्ज
rate,दर्ज करें
rate of interest,दर दर्ज
rate of interest,दर दर्ज करें
rate of interest,ब्याज दर दर्ज
rate of interest,ब्याज दर दर्ज करें
of interest,दर
please enter,कृपया
please enter valid,कृपया मान्य
please enter valid,कृपया मान्य ब्याज
please enter valid rate of interest,कृपया मान्य ब्याज दर दर्ज
please enter valid rate of interest,कृपया मान्य ब्याज दर दर्ज करें
valid,मान्य
valid,मान्य ब्याज
valid rate of interest,मान्य ब्याज दर दर्ज
valid rate of interest,मान्य ब्याज दर दर्ज करें
rate,दर्ज
rate,दर्ज करें
rate of interest,दर दर्ज
rate of interest,दर दर्ज करें
rate of interest,ब्याज दर दर्ज
rate of interest,ब्याज दर दर्ज करें
of interest,दर
of interest,ब्याज दर
please enter,कृपया
please enter,कृपया
please enter valid,कृपया मान्य
please enter,कृपया
please enter valid,कृपया मान्य
please enter valid mobile,कृपया मान्य मोबाइल
please enter,कृपया
please enter valid,कृपया मान्य
please enter valid mobile,कृपया मान्य मोबाइल
please enter valid mobile no,कृपया मान्य मोबाइल नंबर
please enter,कृपया
please enter valid,कृपया मान्य
please enter valid mobile,कृपया मान्य मोबाइल
please enter valid mobile no,कृपया मान्य मोबाइल नंबर
please enter valid mobile no,कृपया मान्य मोबाइल नंबर दर्ज
please enter,कृपया
please enter valid,कृपया मान्य
please enter valid mobile,कृपया मान्य मोबाइल
please enter valid mobile no,कृपया मान्य मोबाइल नंबर
please enter valid mobile no,कृपया मान्य मोबाइल नंबर दर्ज
please enter valid mobile no,कृपया मान्य मोबाइल नंबर दर्ज करें
please enter,कृपया
please enter valid,कृपया मान्य
please enter valid mobile,कृपया मान्य मोबाइल
please enter valid mobile no,कृपया मान्य मोबाइल नंबर
please enter valid mobile no,कृपया मान्य मोबाइल नंबर दर्ज
please enter valid mobile no,कृपया मान्य मोबाइल नंबर दर्ज करें
valid,मान्य
please enter,कृपया
please enter valid,कृपया मान्य
please enter valid mobile,कृपया मान्य मोबाइल
please enter valid mobile no,कृपया मान्य मोबाइल नंबर
please enter valid mobile no,कृपया मान्य मोबाइल नंबर दर्ज
please enter valid mobile no,कृपया मान्य मोबाइल नंबर दर्ज करें
valid,मान्य
valid mobile,मान्य मोबाइल
please enter,कृपया
please enter valid,कृपया मान्य
please enter valid mobile,कृपया मान्य मोबाइल
please enter valid mobile no,कृपया मान्य मोबाइल नंबर
please enter valid mobile no,कृपया मान्य मोबाइल नंबर दर्ज
please enter valid mobile no,कृपया मान्य मोबाइल नंबर दर्ज करें
valid,मान्य
valid mobile,मान्य मोबाइल
valid mobile no,मान्य मोबाइल नंबर
please enter,कृपया
please enter valid,कृपया मान्य
please enter valid mobile,कृपया मान्य मोबाइल
please enter valid mobile no,कृपया मान्य मोबाइल नंबर
please enter valid mobile no,कृपया मान्य मोबाइल नंबर दर्ज
please enter valid mobile no,कृपया मान्य मोबाइल नंबर दर्ज करें
valid,मान्य
valid mobile,मान्य मोबाइल
valid mobile no,मान्य मोबाइल नंबर
valid mobile no,मान्य मोबाइल नंबर दर्ज
please enter,कृपया
please enter valid,कृपया मान्य
please enter valid mobile,कृपया मान्य मोबाइल
please enter valid mobile no,कृपया मान्य मोबाइल नंबर
please enter valid mobile no,कृपया मान्य मोबाइल नंबर दर्ज
please enter valid mobile no,कृपया मान्य मोबाइल नंबर दर्ज करें
valid,मान्य
valid mobile,मान्य मोबाइल
valid mobile no,मान्य मोबाइल नंबर
valid mobile no,मान्य मोबाइल नंबर दर्ज
valid mobile no,मान्य मोबाइल नंबर दर्ज करें
please enter,कृपया
please enter valid,कृपया मान्य
please enter valid mobile,कृपया मान्य मोबाइल
please enter valid mobile no,कृपया मान्य मोबाइल नंबर
please enter valid mobile no,कृपया मान्य मोबाइल नंबर दर्ज
please enter valid mobile no,कृपया मान्य मोबाइल नंबर दर्ज करें
valid,मान्य
valid mobile,मान्य मोबाइल
valid mobile no,मान्य मोबाइल नंबर
valid mobile no,मान्य मोबाइल नंबर दर्ज
valid mobile no,मान्य मोबाइल नंबर दर्ज करें
mobile,मोबाइल
please enter,कृपया
please enter valid,कृपया मान्य
please enter valid mobile,कृपया मान्य मोबाइल
please enter valid mobile no,कृपया मान्य मोबाइल नंबर
please enter valid mobile no,कृपया मान्य मोबाइल नंबर दर्ज
please enter valid mobile no,कृपया मान्य मोबाइल नंबर दर्ज करें
valid,मान्य
valid mobile,मान्य मोबाइल
valid mobile no,मान्य मोबाइल नंबर
valid mobile no,मान्य मोबाइल नंबर दर्ज
valid mobile no,मान्य मोबाइल नंबर दर्ज करें
mobile,मोबाइल
mobile no,मोबाइल नंबर
please enter,कृपया
please enter valid,कृपया मान्य
please enter valid mobile,कृपया मान्य मोबाइल
please enter valid mobile no,कृपया मान्य मोबाइल नंबर
please enter valid mobile no,कृपया मान्य मोबाइल नंबर दर्ज
please enter valid mobile no,कृपया मान्य मोबाइल नंबर दर्ज करें
valid,मान्य
valid mobile,मान्य मोबाइल
valid mobile no,मान्य मोबाइल नंबर
valid mobile no,मान्य मोबाइल नंबर दर्ज
valid mobile no,मान्य मोबाइल नंबर दर्ज करें
mobile,मोबाइल
mobile no,मोबाइल नंबर
mobile no,मोबाइल नंबर दर्ज
please enter,कृपया
please enter valid,कृपया मान्य
please enter valid mobile,कृपया मान्य मोबाइल
please enter valid mobile no,कृपया मान्य मोबाइल नंबर
please enter valid mobile no,कृपया मान्य मोबाइल नंबर दर्ज
please enter valid mobile no,कृपया मान्य मोबाइल नंबर दर्ज करें
valid,मान्य
valid mobile,मान्य मोबाइल
valid mobile no,मान्य मोबाइल नंबर
valid mobile no,मान्य मोबाइल नंबर दर्ज
valid mobile no,मान्य मोबाइल नंबर दर्ज करें
mobile,मोबाइल
mobile no,मोबाइल नंबर
mobile no,मोबाइल नंबर दर्ज
mobile no,मोबाइल नंबर दर्ज करें
please enter,कृपया
please enter valid,कृपया मान्य
please enter valid mobile,कृपया मान्य मोबाइल
please enter valid mobile no,कृपया मान्य मोबाइल नंबर
please enter valid mobile no,कृपया मान्य मोबाइल नंबर दर्ज
please enter valid mobile no,कृपया मान्य मोबाइल नंबर दर्ज करें
valid,मान्य
valid mobile,मान्य मोबाइल
valid mobile no,मान्य मोबाइल नंबर
valid mobile no,मान्य मोबाइल नंबर दर्ज
valid mobile no,मान्य मोबाइल नंबर दर्ज करें
mobile,मोबाइल
mobile no,मोबाइल नंबर
mobile no,मोबाइल नंबर दर्ज
mobile no,मोबाइल नंबर दर्ज करें
no,नंबर
please enter,कृपया
please enter valid,कृपया मान्य
please enter valid mobile,कृपया मान्य मोबाइल
please enter valid mobile no,कृपया मान्य मोबाइल नंबर
please enter valid mobile no,कृपया मान्य मोबाइल नंबर दर्ज
please enter valid mobile no,कृपया मान्य मोबाइल नंबर दर्ज करें
valid,मान्य
valid mobile,मान्य मोबाइल
valid mobile no,मान्य मोबाइल नंबर
valid mobile no,मान्य मोबाइल नंबर दर्ज
valid mobile no,मान्य मोबाइल नंबर दर्ज करें
mobile,मोबाइल
mobile no,मोबाइल नंबर
mobile no,मोबाइल नंबर दर्ज
mobile no,मोबाइल नंबर दर्ज करें
no,नंबर
no,नंबर दर्ज
please enter,कृपया
please enter valid,कृपया मान्य
please enter valid mobile,कृपया मान्य मोबाइल
please enter valid mobile no,कृपया मान्य मोबाइल नंबर
please enter valid mobile no,कृपया मान्य मोबाइल नंबर दर्ज
please enter valid mobile no,कृपया मान्य मोबाइल नंबर दर्ज करें
valid,मान्य
valid mobile,मान्य मोबाइल
valid mobile no,मान्य मोबाइल नंबर
valid mobile no,मान्य मोबाइल नंबर दर्ज
valid mobile no,मान्य मोबाइल नंबर दर्ज करें
mobile,मोबाइल
mobile no,मोबाइल नंबर
mobile no,मोबाइल नंबर दर्ज
mobile no,मोबाइल नंबर दर्ज करें
no,नंबर
no,नंबर दर्ज
no,नंबर दर्ज करें
please enter,कृपया
please enter,कृपया
please enter valid,कृपया मान्य
please enter,कृपया
please enter valid,कृपया मान्य
please enter valid lan,कृपया मान्य लैन
please enter,कृपया
please enter valid,कृपया मान्य
please enter valid lan,कृपया मान्य लैन
please enter valid lan no,कृपया मान्य लैन नंबर
please enter,कृपया
please enter valid,कृपया मान्य
please enter valid lan,कृपया मान्य लैन
please enter valid lan no,कृपया मान्य लैन नंबर
please enter valid lan no,कृपया मान्य लैन नंबर दर्ज
please enter,कृपया
please enter valid,कृपया मान्य
please enter valid lan,कृपया मान्य लैन
please enter valid lan no,कृपया मान्य लैन नंबर
please enter valid lan no,कृपया मान्य लैन नंबर दर्ज
please enter valid lan no,कृपया मान्य लैन नंबर दर्ज करें
please enter,कृपया
please enter valid,कृपया मान्य
please enter valid lan,कृपया मान्य लैन
please enter valid lan no,कृपया मान्य लैन नंबर
please enter valid lan no,कृपया मान्य लैन नंबर दर्ज
please enter valid lan no,कृपया मान्य लैन नंबर दर्ज करें
valid,मान्य
please enter,कृपया
please enter valid,कृपया मान्य
please enter valid lan,कृपया मान्य लैन
please enter valid lan no,कृपया मान्य लैन नंबर
please enter valid lan no,कृपया मान्य लैन नंबर दर्ज
please enter valid lan no,कृपया मान्य लैन नंबर दर्ज करें
valid,मान्य
valid lan,मान्य लैन
please enter,कृपया
please enter valid,कृपया मान्य
please enter valid lan,कृपया मान्य लैन
please enter valid lan no,कृपया मान्य लैन नंबर
please enter valid lan no,कृपया मान्य लैन नंबर दर्ज
please enter valid lan no,कृपया मान्य लैन नंबर दर्ज करें
valid,मान्य
valid lan,मान्य लैन
valid lan no,मान्य लैन नंबर
please enter,कृपया
please enter valid,कृपया मान्य
please enter valid lan,कृपया मान्य लैन
please enter valid lan no,कृपया मान्य लैन नंबर
please enter valid lan no,कृपया मान्य लैन नंबर दर्ज
please enter valid lan no,कृपया मान्य लैन नंबर दर्ज करें
valid,मान्य
valid lan,मान्य लैन
valid lan no,मान्य लैन नंबर
valid lan no,मान्य लैन नंबर दर्ज
please enter,कृपया
please enter valid,कृपया मान्य
please enter valid lan,कृपया मान्य लैन
please enter valid lan no,कृपया मान्य लैन नंबर
please enter valid lan no,कृपया मान्य लैन नंबर दर्ज
please enter valid lan no,कृपया मान्य लैन नंबर दर्ज करें
valid,मान्य
valid lan,मान्य लैन
valid lan no,मान्य लैन नंबर
valid lan no,मान्य लैन नंबर दर्ज
valid lan no,मान्य लैन नंबर दर्ज करें
please enter,कृपया
please enter valid,कृपया मान्य
please enter valid lan,कृपया मान्य लैन
please enter valid lan no,कृपया मान्य लैन नंबर
please enter valid lan no,कृपया मान्य लैन नंबर दर्ज
please enter valid lan no,कृपया मान्य लैन नंबर दर्ज करें
valid,मान्य
valid lan,मान्य लैन
valid lan no,मान्य लैन नंबर
valid lan no,मान्य लैन नंबर दर्ज
valid lan no,मान्य लैन नंबर दर्ज करें
lan,लैन
please enter,कृपया
please enter valid,कृपया मान्य
please enter valid lan,कृपया मान्य लैन
please enter valid lan no,कृपया मान्य लैन नंबर
please enter valid lan no,कृपया मान्य लैन नंबर दर्ज
please enter valid lan no,कृपया मान्य लैन नंबर दर्ज करें
valid,मान्य
valid lan,मान्य लैन
valid lan no,मान्य लैन नंबर
valid lan no,मान्य लैन नंबर दर्ज
valid lan no,मान्य लैन नंबर दर्ज करें
lan,लैन
lan no,लैन नंबर
please enter,कृपया
please enter valid,कृपया मान्य
please enter valid lan,कृपया मान्य लैन
please enter valid lan no,कृपया मान्य लैन नंबर
please enter valid lan no,कृपया मान्य लैन नंबर दर्ज
please enter valid lan no,कृपया मान्य लैन नंबर दर्ज करें
valid,मान्य
valid lan,मान्य लैन
valid lan no,मान्य लैन नंबर
valid lan no,मान्य लैन नंबर दर्ज
valid lan no,मान्य लैन नंबर दर्ज करें
lan,लैन
lan no,लैन नंबर
lan no,लैन नंबर दर्ज
please enter,कृपया
please enter valid,कृपया मान्य
please enter valid lan,कृपया मान्य लैन
please enter valid lan no,कृपया मान्य लैन नंबर
please enter valid lan no,कृपया मान्य लैन नंबर दर्ज
please enter valid lan no,कृपया मान्य लैन नंबर दर्ज करें
valid,मान्य
valid lan,मान्य लैन
valid lan no,मान्य लैन नंबर
valid lan no,मान्य लैन नंबर दर्ज
valid lan no,मान्य लैन नंबर दर्ज करें
lan,लैन
lan no,लैन नंबर
lan no,लैन नंबर दर्ज
lan no,लैन नंबर दर्ज करें
please enter,कृपया
please enter valid,कृपया मान्य
please enter valid lan,कृपया मान्य लैन
please enter valid lan no,कृपया मान्य लैन नंबर
please enter valid lan no,कृपया मान्य लैन नंबर दर्ज
please enter valid lan no,कृपया मान्य लैन नंबर दर्ज करें
valid,मान्य
valid lan,मान्य लैन
valid lan no,मान्य लैन नंबर
valid lan no,मान्य लैन नंबर दर्ज
valid lan no,मान्य लैन नंबर दर्ज करें
lan,लैन
lan no,लैन नंबर
lan no,लैन नंबर दर्ज
lan no,लैन नंबर दर्ज करें
no,नंबर
please enter,कृपया
please enter valid,कृपया मान्य
please enter valid lan,कृपया मान्य लैन
please enter valid lan no,कृपया मान्य लैन नंबर
please enter valid lan no,कृपया मान्य लैन नंबर दर्ज
please enter valid lan no,कृपया मान्य लैन नंबर दर्ज करें
valid,मान्य
valid lan,मान्य लैन
valid lan no,मान्य लैन नंबर
valid lan no,मान्य लैन नंबर दर्ज
valid lan no,मान्य लैन नंबर दर्ज करें
lan,लैन
lan no,लैन नंबर
lan no,लैन नंबर दर्ज
lan no,लैन नंबर दर्ज करें
no,नंबर
no,नंबर दर्ज
please enter,कृपया
please enter valid,कृपया मान्य
please enter valid lan,कृपया मान्य लैन
please enter valid lan no,कृपया मान्य लैन नंबर
please enter valid lan no,कृपया मान्य लैन नंबर दर्ज
please enter valid lan no,कृपया मान्य लैन नंबर दर्ज करें
valid,मान्य
valid lan,मान्य लैन
valid lan no,मान्य लैन नंबर
valid lan no,मान्य लैन नंबर दर्ज
valid lan no,मान्य लैन नंबर दर्ज करें
lan,लैन
lan no,लैन नंबर
lan no,लैन नंबर दर्ज
lan no,लैन नंबर दर्ज करें
no,नंबर
no,नंबर दर्ज
no,नंबर दर्ज करें
please enter,कृपया
please enter,कृपया
please enter valid,कृपया मान्य
please enter,कृपया
please enter valid,कृपया मान्य
please enter valid loan,कृपया मान्य लोन
please enter,कृपया
please enter valid,कृपया मान्य
please enter valid loan,कृपया मान्य लोन
please enter valid loan amount,कृपया मान्य लोन राशि
please enter,कृपया
please enter valid,कृपया मान्य
please enter valid loan,कृपया मान्य लोन
please enter valid loan amount,कृपया मान्य लोन राशि
please enter valid loan amount,कृपया मान्य लोन राशि दर्ज
please enter,कृपया
please enter valid,कृपया मान्य
please enter valid loan,कृपया मान्य लोन
please enter valid loan amount,कृपया मान्य लोन राशि
please enter valid loan amount,कृपया मान्य लोन राशि दर्ज
please enter valid loan amount,कृपया मान्य लोन राशि दर्ज करें
please enter,कृपया
please enter valid,कृपया मान्य
please enter valid loan,कृपया मान्य लोन
please enter valid loan amount,कृपया मान्य लोन राशि
please enter valid loan amount,कृपया मान्य लोन राशि दर्ज
please enter valid loan amount,कृपया मान्य लोन राशि दर्ज करें
valid,मान्य
please enter,कृपया
please enter valid,कृपया मान्य
please enter valid loan,कृपया मान्य लोन
please enter valid loan amount,कृपया मान्य लोन राशि
please enter valid loan amount,कृपया मान्य लोन राशि दर्ज
please enter valid loan amount,कृपया मान्य लोन राशि दर्ज करें
valid,मान्य
valid loan,मान्य लोन
please enter,कृपया
please enter valid,कृपया मान्य
please enter valid loan,कृपया मान्य लोन
please enter valid loan amount,कृपया मान्य लोन राशि
please enter valid loan amount,कृपया मान्य लोन राशि दर्ज
please enter valid loan amount,कृपया मान्य लोन राशि दर्ज करें
valid,मान्य
valid loan,मान्य लोन
valid loan amount,मान्य लोन राशि
please enter,कृपया
please enter valid,कृपया मान्य
please enter valid loan,कृपया मान्य लोन
please enter valid loan amount,कृपया मान्य लोन राशि
please enter valid loan amount,कृपया मान्य लोन राशि दर्ज
please enter valid loan amount,कृपया मान्य लोन राशि दर्ज करें
valid,मान्य
valid loan,मान्य लोन
valid loan amount,मान्य लोन राशि
valid loan amount,मान्य लोन राशि दर्ज
please enter,कृपया
please enter valid,कृपया मान्य
please enter valid loan,कृपया मान्य लोन
please enter valid loan amount,कृपया मान्य लोन राशि
please enter valid loan amount,कृपया मान्य लोन राशि दर्ज
please enter valid loan amount,कृपया मान्य लोन राशि दर्ज करें
valid,मान्य
valid loan,मान्य लोन
valid loan amount,मान्य लोन राशि
valid loan amount,मान्य लोन राशि दर्ज
valid loan amount,मान्य लोन राशि दर्ज करें
please enter,कृपया
please enter valid,कृपया मान्य
please enter valid loan,कृपया मान्य लोन
please enter valid loan amount,कृपया मान्य लोन राशि
please enter valid loan amount,कृपया मान्य लोन राशि दर्ज
please enter valid loan amount,कृपया मान्य लोन राशि दर्ज करें
valid,मान्य
valid loan,मान्य लोन
valid loan amount,मान्य लोन राशि
valid loan amount,मान्य लोन राशि दर्ज
valid loan amount,मान्य लोन राशि दर्ज करें
loan,लोन
please enter,कृपया
please enter valid,कृपया मान्य
please enter valid loan,कृपया मान्य लोन
please enter valid loan amount,कृपया मान्य लोन राशि
please enter valid loan amount,कृपया मान्य लोन राशि दर्ज
please enter valid loan amount,कृपया मान्य लोन राशि दर्ज करें
valid,मान्य
valid loan,मान्य लोन
valid loan amount,मान्य लोन राशि
valid loan amount,मान्य लोन राशि दर्ज
valid loan amount,मान्य लोन राशि दर्ज करें
loan,लोन
loan amount,लोन राशि
please enter,कृपया
please enter valid,कृपया मान्य
please enter valid loan,कृपया मान्य लोन
please enter valid loan amount,कृपया मान्य लोन राशि
please enter valid loan amount,कृपया मान्य लोन राशि दर्ज
please enter valid loan amount,कृपया मान्य लोन राशि दर्ज करें
valid,मान्य
valid loan,मान्य लोन
valid loan amount,मान्य लोन राशि
valid loan amount,मान्य लोन राशि दर्ज
valid loan amount,मान्य लोन राशि दर्ज करें
loan,लोन
loan amount,लोन राशि
loan amount,लोन राशि दर्ज
please enter,कृपया
please enter valid,कृपया मान्य
please enter valid loan,कृपया मान्य लोन
please enter valid loan amount,कृपया मान्य लोन राशि
please enter valid loan amount,कृपया मान्य लोन राशि दर्ज
please enter valid loan amount,कृपया मान्य लोन राशि दर्ज करें
valid,मान्य
valid loan,मान्य लोन
valid loan amount,मान्य लोन राशि
valid loan amount,मान्य लोन राशि दर्ज
valid loan amount,मान्य लोन राशि दर्ज करें
loan,लोन
loan amount,लोन राशि
loan amount,लोन राशि दर्ज
loan amount,लोन राशि दर्ज करें
please enter,कृपया
please enter valid,कृपया मान्य
please enter valid loan,कृपया मान्य लोन
please enter valid loan amount,कृपया मान्य लोन राशि
please enter valid loan amount,कृपया मान्य लोन राशि दर्ज
please enter valid loan amount,कृपया मान्य लोन राशि दर्ज करें
valid,मान्य
valid loan,मान्य लोन
valid loan amount,मान्य लोन राशि
valid loan amount,मान्य लोन राशि दर्ज
valid loan amount,मान्य लोन राशि दर्ज करें
loan,लोन
loan amount,लोन राशि
loan amount,लोन राशि दर्ज
loan amount,लोन राशि दर्ज करें
amount,राशि
please enter,कृपया
please enter valid,कृपया मान्य
please enter valid loan,कृपया मान्य लोन
please enter valid loan amount,कृपया मान्य लोन राशि
please enter valid loan amount,कृपया मान्य लोन राशि दर्ज
please enter valid loan amount,कृपया मान्य लोन राशि दर्ज करें
valid,मान्य
valid loan,मान्य लोन
valid loan amount,मान्य लोन राशि
valid loan amount,मान्य लोन राशि दर्ज
valid loan amount,मान्य लोन राशि दर्ज करें
loan,लोन
loan amount,लोन राशि
loan amount,लोन राशि दर्ज
loan amount,लोन राशि दर्ज करें
amount,राशि
amount,राशि दर्ज
please enter,कृपया
please enter valid,कृपया मान्य
please enter valid loan,कृपया मान्य लोन
please enter valid loan amount,कृपया मान्य लोन राशि
please enter valid loan amount,कृपया मान्य लोन राशि दर्ज
please enter valid loan amount,कृपया मान्य लोन राशि दर्ज करें
valid,मान्य
valid loan,मान्य लोन
valid loan amount,मान्य लोन राशि
valid loan amount,मान्य लोन राशि दर्ज
valid loan amount,मान्य लोन राशि दर्ज करें
loan,लोन
loan amount,लोन राशि
loan amount,लोन राशि दर्ज
loan amount,लोन राशि दर्ज करें
amount,राशि
amount,राशि दर्ज
amount,राशि दर्ज करें
please enter,कृपया
please enter,कृपया
please enter,कृपया लोन
please enter,कृपया
please enter,कृपया लोन
please enter loan account,कृपया लोन अकाउंट
please enter,कृपया
please enter,कृपया लोन
please enter loan account,कृपया लोन अकाउंट
please enter loan account no,कृपया लोन अकाउंट नंबर
please enter,कृपया
please enter,कृपया लोन
please enter loan account,कृपया लोन अकाउंट
please enter loan account no,कृपया लोन अकाउंट नंबर
please enter loan account no,कृपया लोन अकाउंट नंबर दर्ज
please enter,कृपया
please enter,कृपया लोन
please enter loan account,कृपया लोन अकाउंट
please enter loan account no,कृपया लोन अकाउंट नंबर
please enter loan account no,कृपया लोन अकाउंट नंबर दर्ज
please enter loan account no,कृपया लोन अकाउंट नंबर दर्ज करें
please enter,कृपया
please enter,कृपया लोन
please enter loan account,कृपया लोन अकाउंट
please enter loan account no,कृपया लोन अकाउंट नंबर
please enter loan account no,कृपया लोन अकाउंट नंबर दर्ज
please enter loan account no,कृपया लोन अकाउंट नंबर दर्ज करें
loan account,अकाउंट
please enter,कृपया
please enter,कृपया लोन
please enter loan account,कृपया लोन अकाउंट
please enter loan account no,कृपया लोन अकाउंट नंबर
please enter loan account no,कृपया लोन अकाउंट नंबर दर्ज
please enter loan account no,कृपया लोन अकाउंट नंबर दर्ज करें
loan account,अकाउंट
loan account,लोन अकाउंट
please enter,कृपया
please enter,कृपया लोन
please enter loan account,कृपया लोन अकाउंट
please enter loan account no,कृपया लोन अकाउंट नंबर
please enter loan account no,कृपया लोन अकाउंट नंबर दर्ज
please enter loan account no,कृपया लोन अकाउंट नंबर दर्ज करें
loan account,अकाउंट
loan account,लोन अकाउंट
loan account no,अकाउंट नंबर
please enter,कृपया
please enter,कृपया लोन
please enter loan account,कृपया लोन अकाउंट
please enter loan account no,कृपया लोन अकाउंट नंबर
please enter loan account no,कृपया लोन अकाउंट नंबर दर्ज
please enter loan account no,कृपया लोन अकाउंट नंबर दर्ज करें
loan account,अकाउंट
loan account,लोन अकाउंट
loan account no,अकाउंट नंबर
loan account no,लोन अकाउंट नंबर
please enter,कृपया
please enter,कृपया लोन
please enter loan account,कृपया लोन अकाउंट
please enter loan account no,कृपया लोन अकाउंट नंबर
please enter loan account no,कृपया लोन अकाउंट नंबर दर्ज
please enter loan account no,कृपया लोन अकाउंट नंबर दर्ज करें
loan account,अकाउंट
loan account,लोन अकाउंट
loan account no,अकाउंट नंबर
loan account no,लोन अकाउंट नंबर
loan account no,अकाउंट नंबर दर्ज
please enter,कृपया
please enter,कृपया लोन
please enter loan account,कृपया लोन अकाउंट
please enter loan account no,कृपया लोन अकाउंट नंबर
please enter loan account no,कृपया लोन अकाउंट नंबर दर्ज
please enter loan account no,कृपया लोन अकाउंट नंबर दर्ज करें
loan account,अकाउंट
loan account,लोन अकाउंट
loan account no,अकाउंट नंबर
loan account no,लोन अकाउंट नंबर
loan account no,अकाउंट नंबर दर्ज
loan account no,लोन अकाउंट नंबर दर्ज
please enter,कृपया
please enter,कृपया लोन
please enter loan account,कृपया लोन अकाउंट
please enter loan account no,कृपया लोन अकाउंट नंबर
please enter loan account no,कृपया लोन अकाउंट नंबर दर्ज
please enter loan account no,कृपया लोन अकाउंट नंबर दर्ज करें
loan account,अकाउंट
loan account,लोन अकाउंट
loan account no,अकाउंट नंबर
loan account no,लोन अकाउंट नंबर
loan account no,अकाउंट नंबर दर्ज
loan account no,लोन अकाउंट नंबर दर्ज
loan account no,अकाउंट नंबर दर्ज करें
please enter,कृपया
please enter,कृपया लोन
please enter loan account,कृपया लोन अकाउंट
please enter loan account no,कृपया लोन अकाउंट नंबर
please enter loan account no,कृपया लोन अकाउंट नंबर दर्ज
please enter loan account no,कृपया लोन अकाउंट नंबर दर्ज करें
loan account,अकाउंट
loan account,लोन अकाउंट
loan account no,अकाउंट नंबर
loan account no,लोन अकाउंट नंबर
loan account no,अकाउंट नंबर दर्ज
loan account no,लोन अकाउंट नंबर दर्ज
loan account no,अकाउंट नंबर दर्ज करें
loan account no,लोन अकाउंट नंबर दर्ज करें
please enter,कृपया
please enter,कृपया लोन
please enter loan account,कृपया लोन अकाउंट
please enter loan account no,कृपया लोन अकाउंट नंबर
please enter loan account no,कृपया लोन अकाउंट नंबर दर्ज
please enter loan account no,कृपया लोन अकाउंट नंबर दर्ज करें
loan account,अकाउंट
loan account,लोन अकाउंट
loan account no,अकाउंट नंबर
loan account no,लोन अकाउंट नंबर
loan account no,अकाउंट नंबर दर्ज
loan account no,लोन अकाउंट नंबर दर्ज
loan account no,अकाउंट नंबर दर्ज करें
loan account no,लोन अकाउंट नंबर दर्ज करें
no,नंबर
please enter,कृपया
please enter,कृपया लोन
please enter loan account,कृपया लोन अकाउंट
please enter loan account no,कृपया लोन अकाउंट नंबर
please enter loan account no,कृपया लोन अकाउंट नंबर दर्ज
please enter loan account no,कृपया लोन अकाउंट नंबर दर्ज करें
loan account,अकाउंट
loan account,लोन अकाउंट
loan account no,अकाउंट नंबर
loan account no,लोन अकाउंट नंबर
loan account no,अकाउंट नंबर दर्ज
loan account no,लोन अकाउंट नंबर दर्ज
loan account no,अकाउंट नंबर दर्ज करें
loan account no,लोन अकाउंट नंबर दर्ज करें
no,नंबर
no,नंबर दर्ज
please enter,कृपया
please enter,कृपया लोन
please enter loan account,कृपया लोन अकाउंट
please enter loan account no,कृपया लोन अकाउंट नंबर
please enter loan account no,कृपया लोन अकाउंट नंबर दर्ज
please enter loan account no,कृपया लोन अकाउंट नंबर दर्ज करें
loan account,अकाउंट
loan account,लोन अकाउंट
loan account no,अकाउंट नंबर
loan account no,लोन अकाउंट नंबर
loan account no,अकाउंट नंबर दर्ज
loan account no,लोन अकाउंट नंबर दर्ज
loan account no,अकाउंट नंबर दर्ज करें
loan account no,लोन अकाउंट नंबर दर्ज करें
no,नंबर
no,नंबर दर्ज
no,नंबर दर्ज करें
